  0
SECTION
  2
HEADER
  9
$ACADVER
  1
AC1032
  9
$ACADMAINTVER
 90
4
  9
$DWGCODEPAGE
  3
ANSI_1252
  9
$LASTSAVEDBY
  1
ezdxf
  9
$REQUIREDVERSIONS
160
0
  9
$INSBASE
 10
0.0
 20
0.0
 30
0.0
  9
$EXTMIN
 10
1e+20
 20
1e+20
 30
1e+20
  9
$EXTMAX
 10
-1e+20
 20
-1e+20
 30
-1e+20
  9
$LIMMIN
 10
0.0
 20
0.0
  9
$LIMMAX
 10
420.0
 20
297.0
  9
$ORTHOMODE
 70
0
  9
$REGENMODE
 70
1
  9
$FILLMODE
 70
1
  9
$QTEXTMODE
 70
0
  9
$MIRRTEXT
 70
1
  9
$LTSCALE
 40
1.0
  9
$ATTMODE
 70
1
  9
$TEXTSIZE
 40
2.5
  9
$TRACEWID
 40
1.0
  9
$TEXTSTYLE
  7
OpenSans
  9
$CLAYER
  8
0
  9
$CELTYPE
  6
ByLayer
  9
$CECOLOR
 62
256
  9
$CELTSCALE
 40
1.0
  9
$DISPSILH
 70
0
  9
$DIMSCALE
 40
1.0
  9
$DIMASZ
 40
0.175
  9
$DIMEXO
 40
0.125
  9
$DIMDLI
 40
3.75
  9
$DIMRND
 40
0.0
  9
$DIMDLE
 40
0.0
  9
$DIMEXE
 40
0.375
  9
$DIMTP
 40
0.0
  9
$DIMTM
 40
0.0
  9
$DIMTXT
 40
0.25
  9
$DIMCEN
 40
2.5
  9
$DIMTSZ
 40
0.0
  9
$DIMTOL
 70
0
  9
$DIMLIM
 70
0
  9
$DIMTIH
 70
0
  9
$DIMTOH
 70
0
  9
$DIMSE1
 70
0
  9
$DIMSE2
 70
0
  9
$DIMTAD
 70
1
  9
$DIMZIN
 70
12
  9
$DIMBLK
  1
ARCHTICK
  9
$DIMASO
 70
1
  9
$DIMSHO
 70
1
  9
$DIMPOST
  1

  9
$DIMAPOST
  1

  9
$DIMALT
 70
0
  9
$DIMALTD
 70
3
  9
$DIMALTF
 40
0.03937007874
  9
$DIMLFAC
 40
100.0
  9
$DIMTOFL
 70
1
  9
$DIMTVP
 40
0.0
  9
$DIMTIX
 70
0
  9
$DIMSOXD
 70
0
  9
$DIMSAH
 70
0
  9
$DIMBLK1
  1

  9
$DIMBLK2
  1

  9
$DIMSTYLE
  2
EZDXF
  9
$DIMCLRD
 70
0
  9
$DIMCLRE
 70
0
  9
$DIMCLRT
 70
0
  9
$DIMTFAC
 40
0.5
  9
$DIMGAP
 40
0.1
  9
$DIMJUST
 70
0
  9
$DIMSD1
 70
0
  9
$DIMSD2
 70
0
  9
$DIMTOLJ
 70
0
  9
$DIMTZIN
 70
8
  9
$DIMALTZ
 70
0
  9
$DIMALTTZ
 70
0
  9
$DIMUPT
 70
1
  9
$DIMDEC
 70
2
  9
$DIMTDEC
 70
2
  9
$DIMALTU
 70
2
  9
$DIMALTTD
 70
3
  9
$DIMTXSTY
  7
OpenSansCondensed-Light
  9
$DIMAUNIT
 70
0
  9
$DIMADEC
 70
2
  9
$DIMALTRND
 40
0.0
  9
$DIMAZIN
 70
3
  9
$DIMDSEP
 70
46
  9
$DIMATFIT
 70
3
  9
$DIMFRAC
 70
0
  9
$DIMLDRBLK
  1

  9
$DIMLUNIT
 70
2
  9
$DIMLWD
 70
-2
  9
$DIMLWE
 70
-2
  9
$DIMTMOVE
 70
2
  9
$DIMFXL
 40
1.0
  9
$DIMFXLON
 70
0
  9
$DIMJOGANG
 40
0.785398163397
  9
$DIMTFILL
 70
0
  9
$DIMTFILLCLR
 70
0
  9
$DIMARCSYM
 70
0
  9
$DIMLTYPE
  6

  9
$DIMLTEX1
  6

  9
$DIMLTEX2
  6

  9
$DIMTXTDIRECTION
 70
0
  9
$LUNITS
 70
2
  9
$LUPREC
 70
4
  9
$SKETCHINC
 40
1.0
  9
$FILLETRAD
 40
10.0
  9
$AUNITS
 70
0
  9
$AUPREC
 70
2
  9
$MENU
  1
.
  9
$ELEVATION
 40
0.0
  9
$PELEVATION
 40
0.0
  9
$THICKNESS
 40
0.0
  9
$LIMCHECK
 70
0
  9
$CHAMFERA
 40
0.0
  9
$CHAMFERB
 40
0.0
  9
$CHAMFERC
 40
0.0
  9
$CHAMFERD
 40
0.0
  9
$SKPOLY
 70
0
  9
$TDCREATE
 40
2451545.0
  9
$TDUCREATE
 40
2451545.0
  9
$TDUPDATE
 40
2451545.0
  9
$TDUUPDATE
 40
2451545.0
  9
$TDINDWG
 40
0.0
  9
$TDUSRTIMER
 40
0.0
  9
$USRTIMER
 70
1
  9
$ANGBASE
 50
0.0
  9
$ANGDIR
 70
0
  9
$PDMODE
 70
0
  9
$PDSIZE
 40
0.0
  9
$PLINEWID
 40
0.0
  9
$SPLFRAME
 70
0
  9
$SPLINETYPE
 70
6
  9
$SPLINESEGS
 70
8
  9
$HANDSEED
  5
4B0
  9
$SURFTAB1
 70
6
  9
$SURFTAB2
 70
6
  9
$SURFTYPE
 70
6
  9
$SURFU
 70
6
  9
$SURFV
 70
6
  9
$UCSBASE
  2

  9
$UCSNAME
  2

  9
$UCSORG
 10
0.0
 20
0.0
 30
0.0
  9
$UCSXDIR
 10
1.0
 20
0.0
 30
0.0
  9
$UCSYDIR
 10
0.0
 20
1.0
 30
0.0
  9
$UCSORTHOREF
  2

  9
$UCSORTHOVIEW
 70
0
  9
$UCSORGTOP
 10
0.0
 20
0.0
 30
0.0
  9
$UCSORGBOTTOM
 10
0.0
 20
0.0
 30
0.0
  9
$UCSORGLEFT
 10
0.0
 20
0.0
 30
0.0
  9
$UCSORGRIGHT
 10
0.0
 20
0.0
 30
0.0
  9
$UCSORGFRONT
 10
0.0
 20
0.0
 30
0.0
  9
$UCSORGBACK
 10
0.0
 20
0.0
 30
0.0
  9
$PUCSBASE
  2

  9
$PUCSNAME
  2

  9
$PUCSORG
 10
0.0
 20
0.0
 30
0.0
  9
$PUCSXDIR
 10
1.0
 20
0.0
 30
0.0
  9
$PUCSYDIR
 10
0.0
 20
1.0
 30
0.0
  9
$PUCSORTHOREF
  2

  9
$PUCSORTHOVIEW
 70
0
  9
$PUCSORGTOP
 10
0.0
 20
0.0
 30
0.0
  9
$PUCSORGBOTTOM
 10
0.0
 20
0.0
 30
0.0
  9
$PUCSORGLEFT
 10
0.0
 20
0.0
 30
0.0
  9
$PUCSORGRIGHT
 10
0.0
 20
0.0
 30
0.0
  9
$PUCSORGFRONT
 10
0.0
 20
0.0
 30
0.0
  9
$PUCSORGBACK
 10
0.0
 20
0.0
 30
0.0
  9
$USERI1
 70
0
  9
$USERI2
 70
0
  9
$USERI3
 70
0
  9
$USERI4
 70
0
  9
$USERI5
 70
0
  9
$USERR1
 40
0.0
  9
$USERR2
 40
0.0
  9
$USERR3
 40
0.0
  9
$USERR4
 40
0.0
  9
$USERR5
 40
0.0
  9
$WORLDVIEW
 70
1
  9
$SHADEDGE
 70
3
  9
$SHADEDIF
 70
70
  9
$TILEMODE
 70
1
  9
$MAXACTVP
 70
64
  9
$PINSBASE
 10
0.0
 20
0.0
 30
0.0
  9
$PLIMCHECK
 70
0
  9
$PEXTMIN
 10
1e+20
 20
1e+20
 30
1e+20
  9
$PEXTMAX
 10
-1e+20
 20
-1e+20
 30
-1e+20
  9
$PLIMMIN
 10
-10.0
 20
-10.0
  9
$PLIMMAX
 10
410.0
 20
287.0
  9
$UNITMODE
 70
0
  9
$VISRETAIN
 70
1
  9
$PLINEGEN
 70
0
  9
$PSLTSCALE
 70
1
  9
$TREEDEPTH
 70
3020
  9
$CMLSTYLE
  2
Standard
  9
$CMLJUST
 70
0
  9
$CMLSCALE
 40
20.0
  9
$PROXYGRAPHICS
 70
1
  9
$MEASUREMENT
 70
1
  9
$CELWEIGHT
370
-1
  9
$ENDCAPS
280
0
  9
$JOINSTYLE
280
0
  9
$LWDISPLAY
290
0
  9
$INSUNITS
 70
6
  9
$HYPERLINKBASE
  1

  9
$STYLESHEET
  1

  9
$XEDIT
290
1
  9
$CEPSNTYPE
380
0
  9
$PSTYLEMODE
290
1
  9
$FINGERPRINTGUID
  2
{EAD8C8DF-0DF3-5D07-BB0C-00D300A41BE3}
  9
$VERSIONGUID
  2
{EAD8C8DF-0DF3-5D07-BB0C-00D300A41BE3}
  9
$EXTNAMES
290
1
  9
$PSVPSCALE
 40
0.0
  9
$OLESTARTUP
290
0
  9
$SORTENTS
280
127
  9
$INDEXCTL
280
0
  9
$HIDETEXT
280
1
  9
$XCLIPFRAME
280
1
  9
$HALOGAP
280
0
  9
$OBSCOLOR
 70
257
  9
$OBSLTYPE
280
0
  9
$INTERSECTIONDISPLAY
280
0
  9
$INTERSECTIONCOLOR
 70
257
  9
$DIMASSOC
280
2
  9
$PROJECTNAME
  1

  9
$CAMERADISPLAY
290
0
  9
$LENSLENGTH
 40
50.0
  9
$CAMERAHEIGHT
 40
0.0
  9
$STEPSPERSEC
 40
24.0
  9
$STEPSIZE
 40
100.0
  9
$3DDWFPREC
 40
2.0
  9
$PSOLWIDTH
 40
0.005
  9
$PSOLHEIGHT
 40
0.08
  9
$LOFTANG1
 40
1.570796326795
  9
$LOFTANG2
 40
1.570796326795
  9
$LOFTMAG1
 40
0.0
  9
$LOFTMAG2
 40
0.0
  9
$LOFTPARAM
 70
7
  9
$LOFTNORMALS
280
1
  9
$LATITUDE
 40
37.795
  9
$LONGITUDE
 40
-122.394
  9
$NORTHDIRECTION
 40
0.0
  9
$TIMEZONE
 70
-8000
  9
$LIGHTGLYPHDISPLAY
280
1
  9
$TILEMODELIGHTSYNCH
280
1
  9
$CMATERIAL
347
20
  9
$SOLIDHIST
280
0
  9
$SHOWHIST
280
1
  9
$DWFFRAME
280
2
  9
$DGNFRAME
280
2
  9
$REALWORLDSCALE
290
1
  9
$INTERFERECOLOR
 62
256
  9
$CSHADOW
280
0
  9
$SHADOWPLANELOCATION
 40
0.0
  0
ENDSEC
  0
SECTION
  2
CLASSES
  0
CLASS
  1
ACDBDICTIONARYWDFLT
  2
AcDbDictionaryWithDefault
  3
ObjectDBX Classes
 90
0
 91
0
280
0
281
0
  0
CLASS
  1
SUN
  2
AcDbSun
  3
SCENEOE
 90
1153
 91
0
280
0
281
0
  0
CLASS
  1
VISUALSTYLE
  2
AcDbVisualStyle
  3
ObjectDBX Classes
 90
4095
 91
0
280
0
281
0
  0
CLASS
  1
MATERIAL
  2
AcDbMaterial
  3
ObjectDBX Classes
 90
1153
 91
0
280
0
281
0
  0
CLASS
  1
SCALE
  2
AcDbScale
  3
ObjectDBX Classes
 90
1153
 91
0
280
0
281
0
  0
CLASS
  1
TABLESTYLE
  2
AcDbTableStyle
  3
ObjectDBX Classes
 90
4095
 91
0
280
0
281
0
  0
CLASS
  1
MLEADERSTYLE
  2
AcDbMLeaderStyle
  3
ACDB_MLEADERSTYLE_CLASS
 90
4095
 91
0
280
0
281
0
  0
CLASS
  1
DICTIONARYVAR
  2
AcDbDictionaryVar
  3
ObjectDBX Classes
 90
0
 91
0
280
0
281
0
  0
CLASS
  1
CELLSTYLEMAP
  2
AcDbCellStyleMap
  3
ObjectDBX Classes
 90
1152
 91
0
280
0
281
0
  0
CLASS
  1
MENTALRAYRENDERSETTINGS
  2
AcDbMentalRayRenderSettings
  3
SCENEOE
 90
1024
 91
0
280
0
281
0
  0
CLASS
  1
ACDBDETAILVIEWSTYLE
  2
AcDbDetailViewStyle
  3
ObjectDBX Classes
 90
1025
 91
0
280
0
281
0
  0
CLASS
  1
ACDBSECTIONVIEWSTYLE
  2
AcDbSectionViewStyle
  3
ObjectDBX Classes
 90
1025
 91
0
280
0
281
0
  0
CLASS
  1
RASTERVARIABLES
  2
AcDbRasterVariables
  3
ISM
 90
0
 91
0
280
0
281
0
  0
CLASS
  1
ACDBPLACEHOLDER
  2
AcDbPlaceHolder
  3
ObjectDBX Classes
 90
0
 91
0
280
0
281
0
  0
CLASS
  1
LAYOUT
  2
AcDbLayout
  3
ObjectDBX Classes
 90
0
 91
0
280
0
281
0
  0
ENDSEC
  0
SECTION
  2
TABLES
  0
TABLE
  2
VPORT
  5
8
330
0
100
AcDbSymbolTable
 70
1
  0
VPORT
  5
23
330
8
100
AcDbSymbolTableRecord
100
AcDbViewportTableRecord
  2
*Active
 70
0
 10
0.0
 20
0.0
 11
1.0
 21
1.0
 12
0.0
 22
0.0
 13
0.0
 23
0.0
 14
0.5
 24
0.5
 15
0.5
 25
0.5
 16
0.0
 26
0.0
 36
1.0
 17
0.0
 27
0.0
 37
0.0
 40
1000.0
 41
1.34
 42
50.0
 43
0.0
 44
0.0
 50
0.0
 51
0.0
 71
0
 72
1000
 73
1
 74
3
 75
0
 76
0
 77
0
 78
0
281
0
 65
0
146
0.0
  0
ENDTAB
  0
TABLE
  2
LTYPE
  5
2
330
0
100
AcDbSymbolTable
 70
22
  0
LTYPE
  5
24
330
2
100
AcDbSymbolTableRecord
100
AcDbLinetypeTableRecord
  2
ByBlock
 70
0
  3

 72
65
 73
0
 40
0.0
  0
LTYPE
  5
25
330
2
100
AcDbSymbolTableRecord
100
AcDbLinetypeTableRecord
  2
ByLayer
 70
0
  3

 72
65
 73
0
 40
0.0
  0
LTYPE
  5
26
330
2
100
AcDbSymbolTableRecord
100
AcDbLinetypeTableRecord
  2
Continuous
 70
0
  3

 72
65
 73
0
 40
0.0
  0
LTYPE
  5
2F
330
2
100
AcDbSymbolTableRecord
100
AcDbLinetypeTableRecord
  2
CENTER
 70
0
  3
Center ____ _ ____ _ ____ _ ____ _ ____ _ ____
 72
65
 73
4
 40
5.08
 49
3.175
 74
0
 49
-0.635
 74
0
 49
0.635
 74
0
 49
-0.635
 74
0
  0
LTYPE
  5
30
330
2
100
AcDbSymbolTableRecord
100
AcDbLinetypeTableRecord
  2
CENTERX2
 70
0
  3
Center (2x) ________  __  ________  __  ________
 72
65
 73
4
 40
8.89
 49
6.35
 74
0
 49
-0.635
 74
0
 49
1.27
 74
0
 49
-0.635
 74
0
  0
LTYPE
  5
31
330
2
100
AcDbSymbolTableRecord
100
AcDbLinetypeTableRecord
  2
CENTER2
 70
0
  3
Center (.5x) ____ _ ____ _ ____ _ ____ _ ____
 72
65
 73
4
 40
2.54
 49
1.587
 74
0
 49
-0.318
 74
0
 49
0.318
 74
0
 49
-0.318
 74
0
  0
LTYPE
  5
32
330
2
100
AcDbSymbolTableRecord
100
AcDbLinetypeTableRecord
  2
DASHED
 70
0
  3
Dashed __ __ __ __ __ __ __ __ __ __ __ __ __ _
 72
65
 73
2
 40
1.524
 49
1.27
 74
0
 49
-0.254
 74
0
  0
LTYPE
  5
33
330
2
100
AcDbSymbolTableRecord
100
AcDbLinetypeTableRecord
  2
DASHEDX2
 70
0
  3
Dashed (2x) ____  ____  ____  ____  ____  ____
 72
65
 73
2
 40
3.048
 49
2.54
 74
0
 49
-0.508
 74
0
  0
LTYPE
  5
34
330
2
100
AcDbSymbolTableRecord
100
AcDbLinetypeTableRecord
  2
DASHED2
 70
0
  3
Dashed (.5x) _ _ _ _ _ _ _ _ _ _ _ _ _ _
 72
65
 73
2
 40
0.762
 49
0.635
 74
0
 49
-0.127
 74
0
  0
LTYPE
  5
35
330
2
100
AcDbSymbolTableRecord
100
AcDbLinetypeTableRecord
  2
PHANTOM
 70
0
  3
Phantom ______  __  __  ______  __  __  ______
 72
65
 73
6
 40
6.35
 49
3.175
 74
0
 49
-0.635
 74
0
 49
0.635
 74
0
 49
-0.635
 74
0
 49
0.635
 74
0
 49
-0.635
 74
0
  0
LTYPE
  5
36
330
2
100
AcDbSymbolTableRecord
100
AcDbLinetypeTableRecord
  2
PHANTOMX2
 70
0
  3
Phantom (2x)____________    ____    ____    ____________
 72
65
 73
6
 40
10.795
 49
6.35
 74
0
 49
-0.635
 74
0
 49
1.27
 74
0
 49
-0.635
 74
0
 49
1.27
 74
0
 49
-0.635
 74
0
  0
LTYPE
  5
37
330
2
100
AcDbSymbolTableRecord
100
AcDbLinetypeTableRecord
  2
PHANTOM2
 70
0
  3
Phantom (.5x) ___ _ _ ___ _ _ ___ _ _ ___ _ _ ___
 72
65
 73
6
 40
3.175
 49
1.587
 74
0
 49
-0.318
 74
0
 49
0.318
 74
0
 49
-0.318
 74
0
 49
0.318
 74
0
 49
-0.318
 74
0
  0
LTYPE
  5
38
330
2
100
AcDbSymbolTableRecord
100
AcDbLinetypeTableRecord
  2
DASHDOT
 70
0
  3
Dash dot __ . __ . __ . __ . __ . __ . __ . __
 72
65
 73
4
 40
3.556
 49
2.54
 74
0
 49
-0.508
 74
0
 49
0.0
 74
0
 49
-0.508
 74
0
  0
LTYPE
  5
39
330
2
100
AcDbSymbolTableRecord
100
AcDbLinetypeTableRecord
  2
DASHDOTX2
 70
0
  3
Dash dot (2x) ____  .  ____  .  ____  .  ____
 72
65
 73
4
 40
6.096
 49
5.08
 74
0
 49
-0.508
 74
0
 49
0.0
 74
0
 49
-0.508
 74
0
  0
LTYPE
  5
3A
330
2
100
AcDbSymbolTableRecord
100
AcDbLinetypeTableRecord
  2
DASHDOT2
 70
0
  3
Dash dot (.5x) _ . _ . _ . _ . _ . _ . _ . _
 72
65
 73
4
 40
1.778
 49
1.27
 74
0
 49
-0.254
 74
0
 49
0.0
 74
0
 49
-0.254
 74
0
  0
LTYPE
  5
3B
330
2
100
AcDbSymbolTableRecord
100
AcDbLinetypeTableRecord
  2
DOT
 70
0
  3
Dot .  .  .  .  .  .  .  .  .  .  .  .  .  .  .  .
 72
65
 73
2
 40
0.508
 49
0.0
 74
0
 49
-0.508
 74
0
  0
LTYPE
  5
3C
330
2
100
AcDbSymbolTableRecord
100
AcDbLinetypeTableRecord
  2
DOTX2
 70
0
  3
Dot (2x) .    .    .    .    .    .    .    . 
 72
65
 73
2
 40
1.016
 49
0.0
 74
0
 49
-1.016
 74
0
  0
LTYPE
  5
3D
330
2
100
AcDbSymbolTableRecord
100
AcDbLinetypeTableRecord
  2
DOT2
 70
0
  3
Dot (.5) . . . . . . . . . . . . . . . . . . . 
 72
65
 73
2
 40
0.254
 49
0.0
 74
0
 49
-0.254
 74
0
  0
LTYPE
  5
3E
330
2
100
AcDbSymbolTableRecord
100
AcDbLinetypeTableRecord
  2
DIVIDE
 70
0
  3
Divide __ . . __ . . __ . . __ . . __ . . __
 72
65
 73
6
 40
4.064
 49
2.54
 74
0
 49
-0.508
 74
0
 49
0.0
 74
0
 49
-0.508
 74
0
 49
0.0
 74
0
 49
-0.508
 74
0
  0
LTYPE
  5
3F
330
2
100
AcDbSymbolTableRecord
100
AcDbLinetypeTableRecord
  2
DIVIDEX2
 70
0
  3
Divide (2x) ____  . .  ____  . .  ____  . .  ____
 72
65
 73
6
 40
6.604
 49
5.08
 74
0
 49
-0.508
 74
0
 49
0.0
 74
0
 49
-0.508
 74
0
 49
0.0
 74
0
 49
-0.508
 74
0
  0
LTYPE
  5
40
330
2
100
AcDbSymbolTableRecord
100
AcDbLinetypeTableRecord
  2
DIVIDE2
 70
0
  3
Divide(.5x) _ . _ . _ . _ . _ . _ . _ . _
 72
65
 73
6
 40
2.032
 49
1.27
 74
0
 49
-0.254
 74
0
 49
0.0
 74
0
 49
-0.254
 74
0
 49
0.0
 74
0
 49
-0.254
 74
0
  0
LTYPE
  5
1DE
330
2
100
AcDbSymbolTableRecord
100
AcDbLinetypeTableRecord
  2
E_VERBINDUNG
 70
0
  3
Elektro link __ __ __
 72
65
 73
2
 40
0.25
 49
0.15000000000000002
 74
0
 49
-0.1
 74
0
  0
ENDTAB
  0
TABLE
  2
LAYER
  5
1
330
0
100
AcDbSymbolTable
 70
25
  0
LAYER
  5
27
330
1
100
AcDbSymbolTableRecord
100
AcDbLayerTableRecord
  2
0
 70
0
 62
7
  6
Continuous
370
-3
390
13
347
21
  0
LAYER
  5
28
330
1
100
AcDbSymbolTableRecord
100
AcDbLayerTableRecord
  2
Defpoints
 70
0
 62
7
  6
Continuous
290
0
370
-3
390
13
347
21
  0
LAYER
  5
8A
330
1
100
AcDbSymbolTableRecord
100
AcDbLayerTableRecord
  2
2OG_10_Wand_tragend
 70
0
 62
7
  6
Continuous
370
-3
390
13
347
21
  0
LAYER
  5
8B
330
1
100
AcDbSymbolTableRecord
100
AcDbLayerTableRecord
  2
2OG_11_Wand_nichttragend
 70
0
 62
8
  6
Continuous
370
-3
390
13
347
21
  0
LAYER
  5
8C
330
1
100
AcDbSymbolTableRecord
100
AcDbLayerTableRecord
  2
2OG_11_Abbruch_Wand_nichttragend
 70
0
 62
3
  6
DASHED
370
-3
390
13
347
21
  0
LAYER
  5
8D
330
1
100
AcDbSymbolTableRecord
100
AcDbLayerTableRecord
  2
2OG_11_Neubau_Wand_nichttragend
 70
0
 62
1
  6
Continuous
370
-3
390
13
347
21
  0
LAYER
  5
8E
330
1
100
AcDbSymbolTableRecord
100
AcDbLayerTableRecord
  2
2OG_20_Fenster
 70
0
 62
4
  6
Continuous
370
-3
390
13
347
21
  0
LAYER
  5
8F
330
1
100
AcDbSymbolTableRecord
100
AcDbLayerTableRecord
  2
2OG_21_Tueren
 70
0
 62
6
  6
Continuous
370
-3
390
13
347
21
  0
LAYER
  5
90
330
1
100
AcDbSymbolTableRecord
100
AcDbLayerTableRecord
  2
2OG_30_Moeblierung
 70
0
 62
9
  6
Continuous
370
-3
390
13
347
21
  0
LAYER
  5
91
330
1
100
AcDbSymbolTableRecord
100
AcDbLayerTableRecord
  2
2OG_31_Sanitaereinrichtung
 70
0
 62
5
  6
Continuous
370
-3
390
13
347
21
  0
LAYER
  5
92
330
1
100
AcDbSymbolTableRecord
100
AcDbLayerTableRecord
  2
2OG_32_Kuecheneinrichtung
 70
0
 62
5
  6
Continuous
370
-3
390
13
347
21
  0
LAYER
  5
93
330
1
100
AcDbSymbolTableRecord
100
AcDbLayerTableRecord
  2
2OG_40_Zonen
 70
0
 62
2
  6
Continuous
370
-3
390
13
347
21
  0
LAYER
  5
94
330
1
100
AcDbSymbolTableRecord
100
AcDbLayerTableRecord
  2
2OG_41_Raumstempel
 70
0
 62
2
  6
Continuous
370
-3
390
13
347
21
  0
LAYER
  5
95
330
1
100
AcDbSymbolTableRecord
100
AcDbLayerTableRecord
  2
2OG_50_Bemassung
 70
0
 62
7
  6
Continuous
370
-3
390
13
347
21
  0
LAYER
  5
96
330
1
100
AcDbSymbolTableRecord
100
AcDbLayerTableRecord
  2
2OG_60_Decke
 70
0
 62
8
  6
DASHED
370
-3
390
13
347
21
  0
LAYER
  5
97
330
1
100
AcDbSymbolTableRecord
100
AcDbLayerTableRecord
  2
2OG_90_Plankopf
 70
0
 62
7
  6
Continuous
370
-3
390
13
347
21
  0
LAYER
  5
1D5
330
1
100
AcDbSymbolTableRecord
100
AcDbLayerTableRecord
  2
E_Licht
 70
0
 62
44
420
8016384
  6
Continuous
370
-3
390
13
347
21
  0
LAYER
  5
1D6
330
1
100
AcDbSymbolTableRecord
100
AcDbLayerTableRecord
  2
E_Schalter
 70
0
 62
152
420
1724316
  6
Continuous
370
-3
390
13
347
21
  0
LAYER
  5
1D7
330
1
100
AcDbSymbolTableRecord
100
AcDbLayerTableRecord
  2
E_Steckdosen
 70
0
 62
242
420
11539487
  6
Continuous
370
-3
390
13
347
21
  0
LAYER
  5
1D8
330
1
100
AcDbSymbolTableRecord
100
AcDbLayerTableRecord
  2
E_Kueche_Geraete
 70
0
 62
205
420
7155590
  6
Continuous
370
-3
390
13
347
21
  0
LAYER
  5
1D9
330
1
100
AcDbSymbolTableRecord
100
AcDbLayerTableRecord
  2
E_Daten_TV
 70
0
 62
129
420
1928004
  6
Continuous
370
-3
390
13
347
21
  0
LAYER
  5
1DA
330
1
100
AcDbSymbolTableRecord
100
AcDbLayerTableRecord
  2
E_Sicherheit
 70
0
 62
34
420
9058816
  6
Continuous
370
-3
390
13
347
21
  0
LAYER
  5
1DB
330
1
100
AcDbSymbolTableRecord
100
AcDbLayerTableRecord
  2
E_Verteiler
 70
0
 62
7
420
0
  6
Continuous
370
-3
390
13
347
21
  0
LAYER
  5
1DC
330
1
100
AcDbSymbolTableRecord
100
AcDbLayerTableRecord
  2
E_Verbindungen
 70
0
 62
152
420
1724316
  6
Continuous
370
-3
390
13
347
21
  0
LAYER
  5
1DD
330
1
100
AcDbSymbolTableRecord
100
AcDbLayerTableRecord
  2
E_Hinweis
 70
0
 62
7
420
0
  6
Continuous
370
-3
390
13
347
21
  0
ENDTAB
  0
TABLE
  2
STYLE
  5
5
330
0
100
AcDbSymbolTable
 70
26
  0
STYLE
  5
29
330
5
100
AcDbSymbolTableRecord
100
AcDbTextStyleTableRecord
  2
Standard
 70
0
 40
0.0
 41
1.0
 50
0.0
 71
0
 42
2.5
  3
txt
  4

  0
STYLE
  5
41
330
5
100
AcDbSymbolTableRecord
100
AcDbTextStyleTableRecord
  2
OpenSans-Light
 70
0
 40
0.0
 41
1.0
 50
0.0
 71
0
 42
2.5
  3
OpenSans-Light.ttf
  4

  0
STYLE
  5
42
330
5
100
AcDbSymbolTableRecord
100
AcDbTextStyleTableRecord
  2
OpenSans-Light-Italic
 70
0
 40
0.0
 41
1.0
 50
0.0
 71
0
 42
2.5
  3
OpenSans-LightItalic.ttf
  4

  0
STYLE
  5
43
330
5
100
AcDbSymbolTableRecord
100
AcDbTextStyleTableRecord
  2
OpenSans
 70
0
 40
0.0
 41
1.0
 50
0.0
 71
0
 42
2.5
  3
OpenSans-Regular.ttf
  4

  0
STYLE
  5
44
330
5
100
AcDbSymbolTableRecord
100
AcDbTextStyleTableRecord
  2
OpenSans-Italic
 70
0
 40
0.0
 41
1.0
 50
0.0
 71
0
 42
2.5
  3
OpenSans-Italic.ttf
  4

  0
STYLE
  5
45
330
5
100
AcDbSymbolTableRecord
100
AcDbTextStyleTableRecord
  2
OpenSans-SemiBold
 70
0
 40
0.0
 41
1.0
 50
0.0
 71
0
 42
2.5
  3
OpenSans-SemiBold.ttf
  4

  0
STYLE
  5
46
330
5
100
AcDbSymbolTableRecord
100
AcDbTextStyleTableRecord
  2
OpenSans-SemiBoldItalic
 70
0
 40
0.0
 41
1.0
 50
0.0
 71
0
 42
2.5
  3
OpenSans-SemiBoldItalic.ttf
  4

  0
STYLE
  5
47
330
5
100
AcDbSymbolTableRecord
100
AcDbTextStyleTableRecord
  2
OpenSans-Bold
 70
0
 40
0.0
 41
1.0
 50
0.0
 71
0
 42
2.5
  3
OpenSans-Bold.ttf
  4

  0
STYLE
  5
48
330
5
100
AcDbSymbolTableRecord
100
AcDbTextStyleTableRecord
  2
OpenSans-BoldItalic
 70
0
 40
0.0
 41
1.0
 50
0.0
 71
0
 42
2.5
  3
OpenSans-BoldItalic.ttf
  4

  0
STYLE
  5
49
330
5
100
AcDbSymbolTableRecord
100
AcDbTextStyleTableRecord
  2
OpenSans-ExtraBold
 70
0
 40
0.0
 41
1.0
 50
0.0
 71
0
 42
2.5
  3
OpenSans-ExtraBold.ttf
  4

  0
STYLE
  5
4A
330
5
100
AcDbSymbolTableRecord
100
AcDbTextStyleTableRecord
  2
OpenSans-ExtraBoldItalic
 70
0
 40
0.0
 41
1.0
 50
0.0
 71
0
 42
2.5
  3
OpenSans-ExtraBoldItalic.ttf
  4

  0
STYLE
  5
4B
330
5
100
AcDbSymbolTableRecord
100
AcDbTextStyleTableRecord
  2
OpenSansCondensed-Bold
 70
0
 40
0.0
 41
1.0
 50
0.0
 71
0
 42
2.5
  3
OpenSansCondensed-Bold.ttf
  4

  0
STYLE
  5
4C
330
5
100
AcDbSymbolTableRecord
100
AcDbTextStyleTableRecord
  2
OpenSansCondensed-Light
 70
0
 40
0.0
 41
1.0
 50
0.0
 71
0
 42
2.5
  3
OpenSansCondensed-Light.ttf
  4

  0
STYLE
  5
4D
330
5
100
AcDbSymbolTableRecord
100
AcDbTextStyleTableRecord
  2
OpenSansCondensed-Italic
 70
0
 40
0.0
 41
1.0
 50
0.0
 71
0
 42
2.5
  3
OpenSansCondensed-LightItalic.ttf
  4

  0
STYLE
  5
4E
330
5
100
AcDbSymbolTableRecord
100
AcDbTextStyleTableRecord
  2
LiberationSans
 70
0
 40
0.0
 41
1.0
 50
0.0
 71
0
 42
2.5
  3
LiberationSans-Regular.ttf
  4

  0
STYLE
  5
4F
330
5
100
AcDbSymbolTableRecord
100
AcDbTextStyleTableRecord
  2
LiberationSans-Bold
 70
0
 40
0.0
 41
1.0
 50
0.0
 71
0
 42
2.5
  3
LiberationSans-Bold.ttf
  4

  0
STYLE
  5
50
330
5
100
AcDbSymbolTableRecord
100
AcDbTextStyleTableRecord
  2
LiberationSans-BoldItalic
 70
0
 40
0.0
 41
1.0
 50
0.0
 71
0
 42
2.5
  3
LiberationSans-BoldItalic.ttf
  4

  0
STYLE
  5
51
330
5
100
AcDbSymbolTableRecord
100
AcDbTextStyleTableRecord
  2
LiberationSans-Italic
 70
0
 40
0.0
 41
1.0
 50
0.0
 71
0
 42
2.5
  3
LiberationSans-Italic.ttf
  4

  0
STYLE
  5
52
330
5
100
AcDbSymbolTableRecord
100
AcDbTextStyleTableRecord
  2
LiberationSerif
 70
0
 40
0.0
 41
1.0
 50
0.0
 71
0
 42
2.5
  3
LiberationSerif-Regular.ttf
  4

  0
STYLE
  5
53
330
5
100
AcDbSymbolTableRecord
100
AcDbTextStyleTableRecord
  2
LiberationSerif-Bold
 70
0
 40
0.0
 41
1.0
 50
0.0
 71
0
 42
2.5
  3
LiberationSerif-Bold.ttf
  4

  0
STYLE
  5
54
330
5
100
AcDbSymbolTableRecord
100
AcDbTextStyleTableRecord
  2
LiberationSerif-BoldItalic
 70
0
 40
0.0
 41
1.0
 50
0.0
 71
0
 42
2.5
  3
LiberationSerif-BoldItalic.ttf
  4

  0
STYLE
  5
55
330
5
100
AcDbSymbolTableRecord
100
AcDbTextStyleTableRecord
  2
LiberationSerif-Italic
 70
0
 40
0.0
 41
1.0
 50
0.0
 71
0
 42
2.5
  3
LiberationSerif-Italic.ttf
  4

  0
STYLE
  5
56
330
5
100
AcDbSymbolTableRecord
100
AcDbTextStyleTableRecord
  2
LiberationMono
 70
0
 40
0.0
 41
1.0
 50
0.0
 71
0
 42
2.5
  3
LiberationMono-Regular.ttf
  4

  0
STYLE
  5
57
330
5
100
AcDbSymbolTableRecord
100
AcDbTextStyleTableRecord
  2
LiberationMono-Bold
 70
0
 40
0.0
 41
1.0
 50
0.0
 71
0
 42
2.5
  3
LiberationMono-Bold.ttf
  4

  0
STYLE
  5
58
330
5
100
AcDbSymbolTableRecord
100
AcDbTextStyleTableRecord
  2
LiberationMono-BoldItalic
 70
0
 40
0.0
 41
1.0
 50
0.0
 71
0
 42
2.5
  3
LiberationMono-BoldItalic.ttf
  4

  0
STYLE
  5
59
330
5
100
AcDbSymbolTableRecord
100
AcDbTextStyleTableRecord
  2
LiberationMono-Italic
 70
0
 40
0.0
 41
1.0
 50
0.0
 71
0
 42
2.5
  3
LiberationMono-Italic.ttf
  4

  0
ENDTAB
  0
TABLE
  2
VIEW
  5
7
330
0
100
AcDbSymbolTable
 70
0
  0
ENDTAB
  0
TABLE
  2
UCS
  5
6
330
0
100
AcDbSymbolTable
 70
0
  0
ENDTAB
  0
TABLE
  2
APPID
  5
3
330
0
100
AcDbSymbolTable
 70
3
  0
APPID
  5
2A
330
3
100
AcDbSymbolTableRecord
100
AcDbRegAppTableRecord
  2
ACAD
 70
0
  0
APPID
  5
1C8
330
3
100
AcDbSymbolTableRecord
100
AcDbRegAppTableRecord
  2
HATCHBACKGROUNDCOLOR
 70
0
  0
APPID
  5
1C9
330
3
100
AcDbSymbolTableRecord
100
AcDbRegAppTableRecord
  2
EZDXF
 70
0
  0
ENDTAB
  0
TABLE
  2
DIMSTYLE
  5
4
330
0
100
AcDbSymbolTable
 70
12
100
AcDbDimStyleTable
  0
DIMSTYLE
105
2B
330
4
100
AcDbSymbolTableRecord
100
AcDbDimStyleTableRecord
  2
Standard
 70
0
 40
1.0
 41
2.5
 42
0.625
 43
3.75
 44
1.25
 45
0.0
 46
0.0
 47
0.0
 48
0.0
 49
2.5
140
2.5
141
2.5
142
0.0
143
0.03937007874
144
1.0
145
0.0
146
1.0
147
0.625
148
0.0
 69
0
 70
0
 71
0
 72
0
 73
0
 74
0
 75
0
 76
0
 77
1
 78
8
 79
3
170
0
171
3
172
1
173
0
174
0
175
0
176
0
177
0
178
0
179
2
271
2
272
2
273
2
274
3
275
0
276
0
277
2
278
44
279
0
280
0
281
0
282
0
283
0
284
8
285
0
286
0
288
0
289
3
290
0
371
-2
372
-2
  0
DIMSTYLE
105
73
330
4
100
AcDbSymbolTableRecord
100
AcDbDimStyleTableRecord
  2
EZDXF
 70
0
 40
1.0
 41
0.175
 42
0.125
 43
3.75
 44
0.375
 45
0.0
 46
0.0
 47
0.0
 48
0.0
 49
2.5
140
0.25
141
2.5
142
0.0
143
0.03937007874
144
100.0
145
0.0
146
0.5
147
0.1
148
0.0
 69
0
 70
0
 71
0
 72
0
 73
0
 74
0
 75
0
 76
0
 77
1
 78
12
 79
3
170
0
171
3
172
1
173
0
174
0
175
0
176
0
177
0
178
0
179
2
271
2
272
2
273
2
274
3
275
0
276
0
277
2
278
46
279
2
280
0
281
0
282
0
283
0
284
8
285
0
286
0
288
1
289
3
290
0
340
4C
342
74
371
-2
372
-2
  0
DIMSTYLE
105
7C
330
4
100
AcDbSymbolTableRecord
100
AcDbDimStyleTableRecord
  2
EZ_M_100_H25_CM
 70
0
 40
1.0
 41
0.25
 42
0.125
 43
3.75
 44
0.375
 45
0.0
 46
0.0
 47
0.0
 48
0.0
 49
2.5
140
0.25
141
2.5
142
0.125
143
0.03937007874
144
100.0
145
0.0
146
0.5
147
0.1
148
0.0
 69
0
 70
0
 71
0
 72
0
 73
0
 74
0
 75
0
 76
0
 77
1
 78
12
 79
3
170
0
171
3
172
1
173
0
174
0
175
0
176
0
177
0
178
0
179
2
271
2
272
2
273
2
274
3
275
0
276
0
277
2
278
46
279
2
280
0
281
0
282
0
283
0
284
8
285
0
286
0
288
1
289
3
290
0
340
4C
371
-2
372
-2
  0
DIMSTYLE
105
7D
330
4
100
AcDbSymbolTableRecord
100
AcDbDimStyleTableRecord
  2
EZ_M_50_H25_CM
 70
0
 40
1.0
 41
0.125
 42
0.0625
 43
3.75
 44
0.1875
 45
0.0
 46
0.0
 47
0.0
 48
0.0
 49
2.5
140
0.125
141
2.5
142
0.0625
143
0.03937007874
144
100.0
145
0.0
146
0.5
147
0.05
148
0.0
 69
0
 70
0
 71
0
 72
0
 73
0
 74
0
 75
0
 76
0
 77
1
 78
12
 79
3
170
0
171
3
172
1
173
0
174
0
175
0
176
0
177
0
178
0
179
2
271
2
272
2
273
2
274
3
275
0
276
0
277
2
278
46
279
2
280
0
281
0
282
0
283
0
284
8
285
0
286
0
288
1
289
3
290
0
340
4C
371
-2
372
-2
  0
DIMSTYLE
105
7E
330
4
100
AcDbSymbolTableRecord
100
AcDbDimStyleTableRecord
  2
EZ_M_25_H25_CM
 70
0
 40
1.0
 41
0.0625
 42
0.03125
 43
3.75
 44
0.09375
 45
0.0
 46
0.0
 47
0.0
 48
0.0
 49
2.5
140
0.0625
141
2.5
142
0.03125
143
0.03937007874
144
100.0
145
0.0
146
0.5
147
0.025
148
0.0
 69
0
 70
0
 71
0
 72
0
 73
0
 74
0
 75
0
 76
0
 77
1
 78
12
 79
3
170
0
171
3
172
1
173
0
174
0
175
0
176
0
177
0
178
0
179
2
271
2
272
2
273
2
274
3
275
0
276
0
277
2
278
46
279
2
280
0
281
0
282
0
283
0
284
8
285
0
286
0
288
1
289
3
290
0
340
4C
371
-2
372
-2
  0
DIMSTYLE
105
7F
330
4
100
AcDbSymbolTableRecord
100
AcDbDimStyleTableRecord
  2
EZ_M_20_H25_CM
 70
0
 40
1.0
 41
0.05
 42
0.025
 43
3.75
 44
0.07500000000000001
 45
0.0
 46
0.0
 47
0.0
 48
0.0
 49
2.5
140
0.05
141
2.5
142
0.025
143
0.03937007874
144
100.0
145
0.0
146
0.5
147
0.020000000000000004
148
0.0
 69
0
 70
0
 71
0
 72
0
 73
0
 74
0
 75
0
 76
0
 77
1
 78
12
 79
3
170
0
171
3
172
1
173
0
174
0
175
0
176
0
177
0
178
0
179
2
271
2
272
2
273
2
274
3
275
0
276
0
277
2
278
46
279
2
280
0
281
0
282
0
283
0
284
8
285
0
286
0
288
1
289
3
290
0
340
4C
371
-2
372
-2
  0
DIMSTYLE
105
80
330
4
100
AcDbSymbolTableRecord
100
AcDbDimStyleTableRecord
  2
EZ_M_10_H25_CM
 70
0
 40
1.0
 41
0.025
 42
0.0125
 43
3.75
 44
0.037500000000000006
 45
0.0
 46
0.0
 47
0.0
 48
0.0
 49
2.5
140
0.025
141
2.5
142
0.0125
143
0.03937007874
144
100.0
145
0.0
146
0.5
147
0.010000000000000002
148
0.0
 69
0
 70
0
 71
0
 72
0
 73
0
 74
0
 75
0
 76
0
 77
1
 78
12
 79
3
170
0
171
3
172
1
173
0
174
0
175
0
176
0
177
0
178
0
179
2
271
2
272
2
273
2
274
3
275
0
276
0
277
2
278
46
279
2
280
0
281
0
282
0
283
0
284
8
285
0
286
0
288
1
289
3
290
0
340
4C
371
-2
372
-2
  0
DIMSTYLE
105
81
330
4
100
AcDbSymbolTableRecord
100
AcDbDimStyleTableRecord
  2
EZ_M_5_H25_CM
 70
0
 40
1.0
 41
0.0125
 42
0.00625
 43
3.75
 44
0.018750000000000003
 45
0.0
 46
0.0
 47
0.0
 48
0.0
 49
2.5
140
0.0125
141
2.5
142
0.00625
143
0.03937007874
144
100.0
145
0.0
146
0.5
147
0.005000000000000001
148
0.0
 69
0
 70
0
 71
0
 72
0
 73
0
 74
0
 75
0
 76
0
 77
1
 78
12
 79
3
170
0
171
3
172
1
173
0
174
0
175
0
176
0
177
0
178
0
179
2
271
2
272
2
273
2
274
3
275
0
276
0
277
2
278
46
279
2
280
0
281
0
282
0
283
0
284
8
285
0
286
0
288
1
289
3
290
0
340
4C
371
-2
372
-2
  0
DIMSTYLE
105
82
330
4
100
AcDbSymbolTableRecord
100
AcDbDimStyleTableRecord
  2
EZ_M_1_H25_CM
 70
0
 40
1.0
 41
0.0025
 42
0.00125
 43
3.75
 44
0.00375
 45
0.0
 46
0.0
 47
0.0
 48
0.0
 49
2.5
140
0.0025
141
2.5
142
0.00125
143
0.03937007874
144
100.0
145
0.0
146
0.5
147
0.001
148
0.0
 69
0
 70
0
 71
0
 72
0
 73
0
 74
0
 75
0
 76
0
 77
1
 78
12
 79
3
170
0
171
3
172
1
173
0
174
0
175
0
176
0
177
0
178
0
179
2
271
2
272
2
273
2
274
3
275
0
276
0
277
2
278
46
279
2
280
0
281
0
282
0
283
0
284
8
285
0
286
0
288
1
289
3
290
0
340
4C
371
-2
372
-2
  0
DIMSTYLE
105
83
330
4
100
AcDbSymbolTableRecord
100
AcDbDimStyleTableRecord
  2
EZ_RADIUS
 70
0
 40
1.0
 41
0.25
 42
0.125
 43
3.75
 44
0.375
 45
0.0
 46
0.0
 47
0.0
 48
0.0
 49
2.5
140
0.25
141
0.0
142
0.0
143
0.03937007874
144
100.0
145
0.0
146
0.5
147
0.1
148
0.0
 69
0
 70
0
 71
0
 72
0
 73
0
 74
0
 75
0
 76
0
 77
1
 78
12
 79
3
170
0
171
3
172
0
173
0
174
0
175
0
176
0
177
0
178
0
179
2
271
2
272
2
273
2
274
3
275
0
276
0
277
2
278
46
279
1
280
0
281
0
282
0
283
0
284
8
285
0
286
0
288
1
289
3
290
0
340
4C
342
84
371
-2
372
-2
  0
DIMSTYLE
105
88
330
4
100
AcDbSymbolTableRecord
100
AcDbDimStyleTableRecord
  2
EZ_RADIUS_INSIDE
 70
0
 40
1.0
 41
0.25
 42
0.125
 43
3.75
 44
0.375
 45
0.0
 46
0.0
 47
0.0
 48
0.0
 49
2.5
140
0.25
141
0.0
142
0.0
143
0.03937007874
144
100.0
145
0.0
146
0.5
147
0.1
148
0.0
 69
0
 70
0
 71
0
 72
0
 73
0
 74
0
 75
0
 76
0
 77
0
 78
12
 79
3
170
0
171
3
172
0
173
0
174
1
175
0
176
0
177
0
178
0
179
2
271
2
272
2
273
2
274
3
275
0
276
0
277
2
278
46
279
0
280
0
281
0
282
0
283
0
284
8
285
0
286
0
288
1
289
0
290
0
340
4C
342
84
371
-2
372
-2
  0
DIMSTYLE
105
89
330
4
100
AcDbSymbolTableRecord
100
AcDbDimStyleTableRecord
  2
EZ_CURVED
 70
0
 40
1.0
 41
0.25
 42
0.125
 43
3.75
 44
0.375
 45
0.0
 46
0.0
 47
0.0
 48
0.0
 49
2.5
140
0.25
141
2.5
142
0.0
143
0.03937007874
144
100.0
145
0.0
146
0.5
147
0.1
148
0.0
 69
0
 70
0
 71
0
 72
0
 73
0
 74
0
 75
0
 76
0
 77
1
 78
12
 79
2
 90
2
170
0
171
3
172
1
173
0
174
0
175
0
176
0
177
0
178
0
179
2
271
2
272
2
273
2
274
3
275
0
276
0
277
2
278
46
279
2
280
0
281
0
282
0
283
0
284
8
285
0
286
0
288
1
289
3
290
0
340
4C
371
-2
372
-2
  0
ENDTAB
  0
TABLE
  2
BLOCK_RECORD
  5
9
330
0
100
AcDbSymbolTable
 70
22
  0
BLOCK_RECORD
  5
17
330
9
100
AcDbSymbolTableRecord
100
AcDbBlockTableRecord
  2
*Model_Space
340
1A
 70
0
280
1
281
0
  0
BLOCK_RECORD
  5
1B
330
9
100
AcDbSymbolTableRecord
100
AcDbBlockTableRecord
  2
*Paper_Space
340
1E
 70
0
280
1
281
0
  0
BLOCK_RECORD
  5
74
330
9
100
AcDbSymbolTableRecord
100
AcDbBlockTableRecord
  2
_ARCHTICK
340
0
 70
0
280
1
281
0
  0
BLOCK_RECORD
  5
78
330
9
100
AcDbSymbolTableRecord
100
AcDbBlockTableRecord
  2
_CLOSEDFILLED
340
0
 70
0
280
1
281
0
  0
BLOCK_RECORD
  5
84
330
9
100
AcDbSymbolTableRecord
100
AcDbBlockTableRecord
  2
_CLOSEDBLANK
340
0
 70
0
280
1
281
0
  0
BLOCK_RECORD
  5
170
330
9
100
AcDbSymbolTableRecord
100
AcDbBlockTableRecord
  2
*D1
340
0
 70
0
280
1
281
0
  0
BLOCK_RECORD
  5
175
330
9
100
AcDbSymbolTableRecord
100
AcDbBlockTableRecord
  2
_OBLIQUE
340
0
 70
0
280
1
281
0
  0
BLOCK_RECORD
  5
183
330
9
100
AcDbSymbolTableRecord
100
AcDbBlockTableRecord
  2
*D2
340
0
 70
0
280
1
281
0
  0
BLOCK_RECORD
  5
192
330
9
100
AcDbSymbolTableRecord
100
AcDbBlockTableRecord
  2
*D3
340
0
 70
0
280
1
281
0
  0
BLOCK_RECORD
  5
1A1
330
9
100
AcDbSymbolTableRecord
100
AcDbBlockTableRecord
  2
*D4
340
0
 70
0
280
1
281
0
  0
BLOCK_RECORD
  5
1B0
330
9
100
AcDbSymbolTableRecord
100
AcDbBlockTableRecord
  2
*D5
340
0
 70
0
280
1
281
0
  0
BLOCK_RECORD
  5
1DF
330
9
100
AcDbSymbolTableRecord
100
AcDbBlockTableRecord
  2
E_SYM_BO
340
0
 70
0
280
1
281
0
  0
BLOCK_RECORD
  5
1EB
330
9
100
AcDbSymbolTableRecord
100
AcDbBlockTableRecord
  2
E_SYM_GS
340
0
 70
0
280
1
281
0
  0
BLOCK_RECORD
  5
1F7
330
9
100
AcDbSymbolTableRecord
100
AcDbBlockTableRecord
  2
E_SYM_HE
340
0
 70
0
280
1
281
0
  0
BLOCK_RECORD
  5
206
330
9
100
AcDbSymbolTableRecord
100
AcDbBlockTableRecord
  2
E_SYM_KS
340
0
 70
0
280
1
281
0
  0
BLOCK_RECORD
  5
212
330
9
100
AcDbSymbolTableRecord
100
AcDbBlockTableRecord
  2
E_SYM_LD
340
0
 70
0
280
1
281
0
  0
BLOCK_RECORD
  5
21D
330
9
100
AcDbSymbolTableRecord
100
AcDbBlockTableRecord
  2
E_SYM_RM
340
0
 70
0
280
1
281
0
  0
BLOCK_RECORD
  5
227
330
9
100
AcDbSymbolTableRecord
100
AcDbBlockTableRecord
  2
E_SYM_SA
340
0
 70
0
280
1
281
0
  0
BLOCK_RECORD
  5
232
330
9
100
AcDbSymbolTableRecord
100
AcDbBlockTableRecord
  2
E_SYM_SK
340
0
 70
0
280
1
281
0
  0
BLOCK_RECORD
  5
243
330
9
100
AcDbSymbolTableRecord
100
AcDbBlockTableRecord
  2
E_SYM_SS2
340
0
 70
0
280
1
281
0
  0
BLOCK_RECORD
  5
24F
330
9
100
AcDbSymbolTableRecord
100
AcDbBlockTableRecord
  2
E_SYM_SW
340
0
 70
0
280
1
281
0
  0
BLOCK_RECORD
  5
25C
330
9
100
AcDbSymbolTableRecord
100
AcDbBlockTableRecord
  2
E_SYM_VT
340
0
 70
0
280
1
281
0
  0
ENDTAB
  0
ENDSEC
  0
SECTION
  2
BLOCKS
  0
BLOCK
  5
18
330
17
100
AcDbEntity
  8
0
100
AcDbBlockBegin
  2
*Model_Space
 70
0
 10
0.0
 20
0.0
 30
0.0
  3
*Model_Space
  1

  0
ENDBLK
  5
19
330
17
100
AcDbEntity
  8
0
100
AcDbBlockEnd
  0
BLOCK
  5
1C
330
1B
100
AcDbEntity
  8
0
100
AcDbBlockBegin
  2
*Paper_Space
 70
0
 10
0.0
 20
0.0
 30
0.0
  3
*Paper_Space
  1

  0
ENDBLK
  5
1D
330
1B
100
AcDbEntity
  8
0
100
AcDbBlockEnd
  0
BLOCK
  5
75
330
74
100
AcDbEntity
  8
0
100
AcDbBlockBegin
  2
_ARCHTICK
 70
0
 10
0.0
 20
0.0
 30
0.0
  3
_ARCHTICK
  1

  0
LWPOLYLINE
  5
77
330
74
100
AcDbEntity
  8
0
  6
BYBLOCK
 62
0
100
AcDbPolyline
 90
2
 70
0
 43
0.15
 10
-0.5
 20
-0.5
 10
0.5
 20
0.5
  0
ENDBLK
  5
76
330
74
100
AcDbEntity
  8
0
100
AcDbBlockEnd
  0
BLOCK
  5
79
330
78
100
AcDbEntity
  8
0
100
AcDbBlockBegin
  2
_CLOSEDFILLED
 70
0
 10
0.0
 20
0.0
 30
0.0
  3
_CLOSEDFILLED
  1

  0
SOLID
  5
7B
330
78
100
AcDbEntity
  8
0
  6
BYBLOCK
 62
0
100
AcDbTrace
 10
-1.0
 20
0.16439898372402537
 30
0.0
 11
0.0
 21
0.0
 31
0.0
 12
-1.0
 22
-0.16439898372402537
 32
0.0
 13
-1.0
 23
-0.16439898372402537
 33
0.0
  0
ENDBLK
  5
7A
330
78
100
AcDbEntity
  8
0
100
AcDbBlockEnd
  0
BLOCK
  5
85
330
84
100
AcDbEntity
  8
0
100
AcDbBlockBegin
  2
_CLOSEDBLANK
 70
0
 10
0.0
 20
0.0
 30
0.0
  3
_CLOSEDBLANK
  1

  0
LWPOLYLINE
  5
87
330
84
100
AcDbEntity
  8
0
  6
BYBLOCK
 62
0
100
AcDbPolyline
 90
3
 70
1
 10
-1.0
 20
0.16439898372402537
 10
0.0
 20
0.0
 10
-1.0
 20
-0.16439898372402537
  0
ENDBLK
  5
86
330
84
100
AcDbEntity
  8
0
100
AcDbBlockEnd
  0
BLOCK
  5
171
330
170
100
AcDbEntity
  8
0
100
AcDbBlockBegin
  2
*D1
 70
1
 10
0.0
 20
0.0
 30
0.0
  3
*D1
  1

  0
LINE
  5
173
330
170
100
AcDbEntity
  8
0
100
AcDbLine
 10
-0.5
 20
-0.625
 30
0.0
 11
-0.5
 21
-1.775
 31
0.0
  0
LINE
  5
174
330
170
100
AcDbEntity
  8
0
100
AcDbLine
 10
11.0
 20
-0.625
 30
0.0
 11
11.0
 21
-1.775
 31
0.0
  0
INSERT
  5
179
330
170
100
AcDbEntity
  8
2OG_50_Bemassung
100
AcDbBlockReference
  2
_OBLIQUE
 10
-0.5
 20
-1.4
 30
0.0
 41
0.25
 42
0.25
  0
INSERT
  5
17B
330
170
100
AcDbEntity
  8
2OG_50_Bemassung
100
AcDbBlockReference
  2
_OBLIQUE
 10
11.0
 20
-1.4
 30
0.0
 41
0.25
 42
0.25
  0
LINE
  5
17D
330
170
100
AcDbEntity
  8
0
100
AcDbLine
 10
-0.5
 20
-1.4
 30
0.0
 11
11.0
 21
-1.4
 31
0.0
  0
MTEXT
  5
17E
330
170
100
AcDbEntity
  8
2OG_50_Bemassung
100
AcDbMText
 10
5.25
 20
-1.1749999999999998
 30
0.0
 40
0.25
 71
5
  1
1150
  7
OpenSansCondensed-Light
  0
POINT
  5
17F
330
170
100
AcDbEntity
  8
Defpoints
100
AcDbPoint
 10
-0.5
 20
-1.4
 30
0.0
  0
POINT
  5
180
330
170
100
AcDbEntity
  8
Defpoints
100
AcDbPoint
 10
-0.5
 20
-0.5
 30
0.0
  0
POINT
  5
181
330
170
100
AcDbEntity
  8
Defpoints
100
AcDbPoint
 10
11.0
 20
-0.5
 30
0.0
  0
ENDBLK
  5
172
330
170
100
AcDbEntity
  8
0
100
AcDbBlockEnd
  0
BLOCK
  5
176
330
175
100
AcDbEntity
  8
0
100
AcDbBlockBegin
  2
_OBLIQUE
 70
0
 10
0.0
 20
0.0
 30
0.0
  3
_OBLIQUE
  1

  0
LINE
  5
178
330
175
100
AcDbEntity
  8
0
  6
BYBLOCK
 62
0
100
AcDbLine
 10
-0.5
 20
-0.5
 30
0.0
 11
0.5
 21
0.5
 31
0.0
  0
ENDBLK
  5
177
330
175
100
AcDbEntity
  8
0
100
AcDbBlockEnd
  0
BLOCK
  5
184
330
183
100
AcDbEntity
  8
0
100
AcDbBlockBegin
  2
*D2
 70
1
 10
0.0
 20
0.0
 30
0.0
  3
*D2
  1

  0
LINE
  5
186
330
183
100
AcDbEntity
  8
0
100
AcDbLine
 10
-0.625
 20
-0.5
 30
0.0
 11
-1.775
 21
-0.5
 31
0.0
  0
LINE
  5
187
330
183
100
AcDbEntity
  8
0
100
AcDbLine
 10
-0.625
 20
9.0
 30
0.0
 11
-1.775
 21
9.0
 31
0.0
  0
INSERT
  5
188
330
183
100
AcDbEntity
  8
2OG_50_Bemassung
100
AcDbBlockReference
  2
_OBLIQUE
 10
-1.4
 20
-0.5
 30
0.0
 41
0.25
 42
0.25
 50
90.0
  0
INSERT
  5
18A
330
183
100
AcDbEntity
  8
2OG_50_Bemassung
100
AcDbBlockReference
  2
_OBLIQUE
 10
-1.4
 20
9.0
 30
0.0
 41
0.25
 42
0.25
 50
90.0
  0
LINE
  5
18C
330
183
100
AcDbEntity
  8
0
100
AcDbLine
 10
-1.4
 20
-0.5
 30
0.0
 11
-1.4
 21
9.0
 31
0.0
  0
MTEXT
  5
18D
330
183
100
AcDbEntity
  8
2OG_50_Bemassung
100
AcDbMText
 10
-1.625
 20
4.25
 30
0.0
 40
0.25
 71
5
  1
950
  7
OpenSansCondensed-Light
 50
90.0
  0
POINT
  5
18E
330
183
100
AcDbEntity
  8
Defpoints
100
AcDbPoint
 10
-1.4
 20
-0.5
 30
0.0
  0
POINT
  5
18F
330
183
100
AcDbEntity
  8
Defpoints
100
AcDbPoint
 10
-0.5
 20
-0.5
 30
0.0
  0
POINT
  5
190
330
183
100
AcDbEntity
  8
Defpoints
100
AcDbPoint
 10
-0.5
 20
9.0
 30
0.0
  0
ENDBLK
  5
185
330
183
100
AcDbEntity
  8
0
100
AcDbBlockEnd
  0
BLOCK
  5
193
330
192
100
AcDbEntity
  8
0
100
AcDbBlockBegin
  2
*D3
 70
1
 10
0.0
 20
0.0
 30
0.0
  3
*D3
  1

  0
LINE
  5
195
330
192
100
AcDbEntity
  8
0
100
AcDbLine
 10
0.0
 20
-0.125
 30
0.0
 11
0.0
 21
-0.875
 31
0.0
  0
LINE
  5
196
330
192
100
AcDbEntity
  8
0
100
AcDbLine
 10
3.5
 20
-0.125
 30
0.0
 11
3.5
 21
-0.875
 31
0.0
  0
INSERT
  5
197
330
192
100
AcDbEntity
  8
2OG_50_Bemassung
100
AcDbBlockReference
  2
_OBLIQUE
 10
0.0
 20
-0.5
 30
0.0
 41
0.25
 42
0.25
  0
INSERT
  5
199
330
192
100
AcDbEntity
  8
2OG_50_Bemassung
100
AcDbBlockReference
  2
_OBLIQUE
 10
3.5
 20
-0.5
 30
0.0
 41
0.25
 42
0.25
  0
LINE
  5
19B
330
192
100
AcDbEntity
  8
0
100
AcDbLine
 10
0.0
 20
-0.5
 30
0.0
 11
3.5
 21
-0.5
 31
0.0
  0
MTEXT
  5
19C
330
192
100
AcDbEntity
  8
2OG_50_Bemassung
100
AcDbMText
 10
1.75
 20
-0.275
 30
0.0
 40
0.25
 71
5
  1
350
  7
OpenSansCondensed-Light
  0
POINT
  5
19D
330
192
100
AcDbEntity
  8
Defpoints
100
AcDbPoint
 10
0.0
 20
-0.5
 30
0.0
  0
POINT
  5
19E
330
192
100
AcDbEntity
  8
Defpoints
100
AcDbPoint
 10
0.0
 20
0.0
 30
0.0
  0
POINT
  5
19F
330
192
100
AcDbEntity
  8
Defpoints
100
AcDbPoint
 10
3.5
 20
0.0
 30
0.0
  0
ENDBLK
  5
194
330
192
100
AcDbEntity
  8
0
100
AcDbBlockEnd
  0
BLOCK
  5
1A2
330
1A1
100
AcDbEntity
  8
0
100
AcDbBlockBegin
  2
*D4
 70
1
 10
0.0
 20
0.0
 30
0.0
  3
*D4
  1

  0
LINE
  5
1A4
330
1A1
100
AcDbEntity
  8
0
100
AcDbLine
 10
3.62
 20
-0.125
 30
0.0
 11
3.62
 21
-0.875
 31
0.0
  0
LINE
  5
1A5
330
1A1
100
AcDbEntity
  8
0
100
AcDbLine
 10
6.62
 20
-0.125
 30
0.0
 11
6.62
 21
-0.875
 31
0.0
  0
INSERT
  5
1A6
330
1A1
100
AcDbEntity
  8
2OG_50_Bemassung
100
AcDbBlockReference
  2
_OBLIQUE
 10
3.62
 20
-0.5
 30
0.0
 41
0.25
 42
0.25
  0
INSERT
  5
1A8
330
1A1
100
AcDbEntity
  8
2OG_50_Bemassung
100
AcDbBlockReference
  2
_OBLIQUE
 10
6.62
 20
-0.5
 30
0.0
 41
0.25
 42
0.25
  0
LINE
  5
1AA
330
1A1
100
AcDbEntity
  8
0
100
AcDbLine
 10
3.62
 20
-0.5
 30
0.0
 11
6.62
 21
-0.5
 31
0.0
  0
MTEXT
  5
1AB
330
1A1
100
AcDbEntity
  8
2OG_50_Bemassung
100
AcDbMText
 10
5.12
 20
-0.275
 30
0.0
 40
0.25
 71
5
  1
300
  7
OpenSansCondensed-Light
  0
POINT
  5
1AC
330
1A1
100
AcDbEntity
  8
Defpoints
100
AcDbPoint
 10
3.62
 20
-0.5
 30
0.0
  0
POINT
  5
1AD
330
1A1
100
AcDbEntity
  8
Defpoints
100
AcDbPoint
 10
3.62
 20
0.0
 30
0.0
  0
POINT
  5
1AE
330
1A1
100
AcDbEntity
  8
Defpoints
100
AcDbPoint
 10
6.62
 20
0.0
 30
0.0
  0
ENDBLK
  5
1A3
330
1A1
100
AcDbEntity
  8
0
100
AcDbBlockEnd
  0
BLOCK
  5
1B1
330
1B0
100
AcDbEntity
  8
0
100
AcDbBlockBegin
  2
*D5
 70
1
 10
0.0
 20
0.0
 30
0.0
  3
*D5
  1

  0
LINE
  5
1B3
330
1B0
100
AcDbEntity
  8
0
100
AcDbLine
 10
6.74
 20
-0.125
 30
0.0
 11
6.74
 21
-0.875
 31
0.0
  0
LINE
  5
1B4
330
1B0
100
AcDbEntity
  8
0
100
AcDbLine
 10
10.5
 20
-0.125
 30
0.0
 11
10.5
 21
-0.875
 31
0.0
  0
INSERT
  5
1B5
330
1B0
100
AcDbEntity
  8
2OG_50_Bemassung
100
AcDbBlockReference
  2
_OBLIQUE
 10
6.74
 20
-0.5
 30
0.0
 41
0.25
 42
0.25
  0
INSERT
  5
1B7
330
1B0
100
AcDbEntity
  8
2OG_50_Bemassung
100
AcDbBlockReference
  2
_OBLIQUE
 10
10.5
 20
-0.5
 30
0.0
 41
0.25
 42
0.25
  0
LINE
  5
1B9
330
1B0
100
AcDbEntity
  8
0
100
AcDbLine
 10
6.74
 20
-0.5
 30
0.0
 11
10.5
 21
-0.5
 31
0.0
  0
MTEXT
  5
1BA
330
1B0
100
AcDbEntity
  8
2OG_50_Bemassung
100
AcDbMText
 10
8.620000000000001
 20
-0.275
 30
0.0
 40
0.25
 71
5
  1
376
  7
OpenSansCondensed-Light
  0
POINT
  5
1BB
330
1B0
100
AcDbEntity
  8
Defpoints
100
AcDbPoint
 10
6.74
 20
-0.5
 30
0.0
  0
POINT
  5
1BC
330
1B0
100
AcDbEntity
  8
Defpoints
100
AcDbPoint
 10
6.74
 20
0.0
 30
0.0
  0
POINT
  5
1BD
330
1B0
100
AcDbEntity
  8
Defpoints
100
AcDbPoint
 10
10.5
 20
0.0
 30
0.0
  0
ENDBLK
  5
1B2
330
1B0
100
AcDbEntity
  8
0
100
AcDbBlockEnd
  0
BLOCK
  5
1E0
330
1DF
100
AcDbEntity
  8
0
100
AcDbBlockBegin
  2
E_SYM_BO
 70
2
 10
0.0
 20
0.0
 30
0.0
  3
E_SYM_BO
  1

  0
ARC
  5
1E2
330
1DF
100
AcDbEntity
  8
0
 62
0
100
AcDbCircle
 10
0.0
 20
-0.0
 30
0.0
 40
3.0
100
AcDbArc
 50
0.0
 51
180.0
  0
LINE
  5
1E3
330
1DF
100
AcDbEntity
  8
0
 62
0
100
AcDbLine
 10
-3.0
 20
-0.0
 30
0.0
 11
3.0
 21
-0.0
 31
0.0
  0
LINE
  5
1E4
330
1DF
100
AcDbEntity
  8
0
 62
0
100
AcDbLine
 10
0.0
 20
-0.0
 30
0.0
 11
0.0
 21
-3.0
 31
0.0
  0
TEXT
  5
1E5
330
1DF
100
AcDbEntity
  8
0
 62
0
100
AcDbText
 10
0.0
 20
3.9
 30
0.0
 40
2.2
  1
BO
 72
1
 11
0.0
 21
3.9
 31
0.0
100
AcDbText
  0
ATTDEF
  5
1E6
330
1DF
100
AcDbEntity
  8
0
100
AcDbText
 10
0.0
 20
-1.7999999999999998
 30
0.0
 40
1.5
  1

100
AcDbAttributeDefinition
  3

  2
CODE
 70
1
 71
1
 72
0
  0
ATTDEF
  5
1E7
330
1DF
100
AcDbEntity
  8
0
100
AcDbText
 10
0.0
 20
-3.5999999999999996
 30
0.0
 40
1.5
  1

100
AcDbAttributeDefinition
  3

  2
NAME_DE
 70
1
 71
1
 72
0
  0
ATTDEF
  5
1E8
330
1DF
100
AcDbEntity
  8
0
100
AcDbText
 10
0.0
 20
-5.3999999999999995
 30
0.0
 40
1.5
  1

100
AcDbAttributeDefinition
  3

  2
ROOM
 70
1
 71
1
 72
0
  0
ATTDEF
  5
1E9
330
1DF
100
AcDbEntity
  8
0
100
AcDbText
 10
0.0
 20
-7.199999999999999
 30
0.0
 40
1.5
  1

100
AcDbAttributeDefinition
  3

  2
VERIFIED
 70
1
 71
1
 72
0
  0
ATTDEF
  5
1EA
330
1DF
100
AcDbEntity
  8
0
100
AcDbText
 10
0.0
 20
-9.0
 30
0.0
 40
1.5
  1

100
AcDbAttributeDefinition
  3

  2
SYMBOL_ID
 70
1
 71
1
 72
0
  0
ENDBLK
  5
1E1
330
1DF
100
AcDbEntity
  8
0
100
AcDbBlockEnd
  0
BLOCK
  5
1EC
330
1EB
100
AcDbEntity
  8
0
100
AcDbBlockBegin
  2
E_SYM_GS
 70
2
 10
0.0
 20
0.0
 30
0.0
  3
E_SYM_GS
  1

  0
ARC
  5
1EE
330
1EB
100
AcDbEntity
  8
0
 62
0
100
AcDbCircle
 10
0.0
 20
-0.0
 30
0.0
 40
3.0
100
AcDbArc
 50
0.0
 51
180.0
  0
LINE
  5
1EF
330
1EB
100
AcDbEntity
  8
0
 62
0
100
AcDbLine
 10
-3.0
 20
-0.0
 30
0.0
 11
3.0
 21
-0.0
 31
0.0
  0
LINE
  5
1F0
330
1EB
100
AcDbEntity
  8
0
 62
0
100
AcDbLine
 10
0.0
 20
-0.0
 30
0.0
 11
0.0
 21
-3.0
 31
0.0
  0
TEXT
  5
1F1
330
1EB
100
AcDbEntity
  8
0
 62
0
100
AcDbText
 10
0.0
 20
3.9
 30
0.0
 40
2.2
  1
GS
 72
1
 11
0.0
 21
3.9
 31
0.0
100
AcDbText
  0
ATTDEF
  5
1F2
330
1EB
100
AcDbEntity
  8
0
100
AcDbText
 10
0.0
 20
-1.7999999999999998
 30
0.0
 40
1.5
  1

100
AcDbAttributeDefinition
  3

  2
CODE
 70
1
 71
1
 72
0
  0
ATTDEF
  5
1F3
330
1EB
100
AcDbEntity
  8
0
100
AcDbText
 10
0.0
 20
-3.5999999999999996
 30
0.0
 40
1.5
  1

100
AcDbAttributeDefinition
  3

  2
NAME_DE
 70
1
 71
1
 72
0
  0
ATTDEF
  5
1F4
330
1EB
100
AcDbEntity
  8
0
100
AcDbText
 10
0.0
 20
-5.3999999999999995
 30
0.0
 40
1.5
  1

100
AcDbAttributeDefinition
  3

  2
ROOM
 70
1
 71
1
 72
0
  0
ATTDEF
  5
1F5
330
1EB
100
AcDbEntity
  8
0
100
AcDbText
 10
0.0
 20
-7.199999999999999
 30
0.0
 40
1.5
  1

100
AcDbAttributeDefinition
  3

  2
VERIFIED
 70
1
 71
1
 72
0
  0
ATTDEF
  5
1F6
330
1EB
100
AcDbEntity
  8
0
100
AcDbText
 10
0.0
 20
-9.0
 30
0.0
 40
1.5
  1

100
AcDbAttributeDefinition
  3

  2
SYMBOL_ID
 70
1
 71
1
 72
0
  0
ENDBLK
  5
1ED
330
1EB
100
AcDbEntity
  8
0
100
AcDbBlockEnd
  0
BLOCK
  5
1F8
330
1F7
100
AcDbEntity
  8
0
100
AcDbBlockBegin
  2
E_SYM_HE
 70
2
 10
0.0
 20
0.0
 30
0.0
  3
E_SYM_HE
  1

  0
ARC
  5
1FA
330
1F7
100
AcDbEntity
  8
0
 62
0
100
AcDbCircle
 10
0.0
 20
-0.0
 30
0.0
 40
3.0
100
AcDbArc
 50
0.0
 51
180.0
  0
LINE
  5
1FB
330
1F7
100
AcDbEntity
  8
0
 62
0
100
AcDbLine
 10
-3.0
 20
-0.0
 30
0.0
 11
3.0
 21
-0.0
 31
0.0
  0
LINE
  5
1FC
330
1F7
100
AcDbEntity
  8
0
 62
0
100
AcDbLine
 10
0.0
 20
-0.0
 30
0.0
 11
0.0
 21
-3.6
 31
0.0
  0
LINE
  5
1FD
330
1F7
100
AcDbEntity
  8
0
 62
0
100
AcDbLine
 10
-0.9
 20
-1.3
 30
0.0
 11
0.9
 21
-0.7
 31
0.0
  0
LINE
  5
1FE
330
1F7
100
AcDbEntity
  8
0
 62
0
100
AcDbLine
 10
-0.9
 20
-2.1
 30
0.0
 11
0.9
 21
-1.5
 31
0.0
  0
LINE
  5
1FF
330
1F7
100
AcDbEntity
  8
0
 62
0
100
AcDbLine
 10
-0.9
 20
-2.9
 30
0.0
 11
0.9
 21
-2.3
 31
0.0
  0
TEXT
  5
200
330
1F7
100
AcDbEntity
  8
0
 62
0
100
AcDbText
 10
4.3
 20
1.6
 30
0.0
 40
2.4
  1
H
 72
1
 11
4.3
 21
1.6
 31
0.0
100
AcDbText
  0
ATTDEF
  5
201
330
1F7
100
AcDbEntity
  8
0
100
AcDbText
 10
0.0
 20
-1.7999999999999998
 30
0.0
 40
1.5
  1

100
AcDbAttributeDefinition
  3

  2
CODE
 70
1
 71
1
 72
0
  0
ATTDEF
  5
202
330
1F7
100
AcDbEntity
  8
0
100
AcDbText
 10
0.0
 20
-3.5999999999999996
 30
0.0
 40
1.5
  1

100
AcDbAttributeDefinition
  3

  2
NAME_DE
 70
1
 71
1
 72
0
  0
ATTDEF
  5
203
330
1F7
100
AcDbEntity
  8
0
100
AcDbText
 10
0.0
 20
-5.3999999999999995
 30
0.0
 40
1.5
  1

100
AcDbAttributeDefinition
  3

  2
ROOM
 70
1
 71
1
 72
0
  0
ATTDEF
  5
204
330
1F7
100
AcDbEntity
  8
0
100
AcDbText
 10
0.0
 20
-7.199999999999999
 30
0.0
 40
1.5
  1

100
AcDbAttributeDefinition
  3

  2
VERIFIED
 70
1
 71
1
 72
0
  0
ATTDEF
  5
205
330
1F7
100
AcDbEntity
  8
0
100
AcDbText
 10
0.0
 20
-9.0
 30
0.0
 40
1.5
  1

100
AcDbAttributeDefinition
  3

  2
SYMBOL_ID
 70
1
 71
1
 72
0
  0
ENDBLK
  5
1F9
330
1F7
100
AcDbEntity
  8
0
100
AcDbBlockEnd
  0
BLOCK
  5
207
330
206
100
AcDbEntity
  8
0
100
AcDbBlockBegin
  2
E_SYM_KS
 70
2
 10
0.0
 20
0.0
 30
0.0
  3
E_SYM_KS
  1

  0
ARC
  5
209
330
206
100
AcDbEntity
  8
0
 62
0
100
AcDbCircle
 10
0.0
 20
-0.0
 30
0.0
 40
3.0
100
AcDbArc
 50
0.0
 51
180.0
  0
LINE
  5
20A
330
206
100
AcDbEntity
  8
0
 62
0
100
AcDbLine
 10
-3.0
 20
-0.0
 30
0.0
 11
3.0
 21
-0.0
 31
0.0
  0
LINE
  5
20B
330
206
100
AcDbEntity
  8
0
 62
0
100
AcDbLine
 10
0.0
 20
-0.0
 30
0.0
 11
0.0
 21
-3.0
 31
0.0
  0
TEXT
  5
20C
330
206
100
AcDbEntity
  8
0
 62
0
100
AcDbText
 10
0.0
 20
3.9
 30
0.0
 40
2.2
  1
KS
 72
1
 11
0.0
 21
3.9
 31
0.0
100
AcDbText
  0
ATTDEF
  5
20D
330
206
100
AcDbEntity
  8
0
100
AcDbText
 10
0.0
 20
-1.7999999999999998
 30
0.0
 40
1.5
  1

100
AcDbAttributeDefinition
  3

  2
CODE
 70
1
 71
1
 72
0
  0
ATTDEF
  5
20E
330
206
100
AcDbEntity
  8
0
100
AcDbText
 10
0.0
 20
-3.5999999999999996
 30
0.0
 40
1.5
  1

100
AcDbAttributeDefinition
  3

  2
NAME_DE
 70
1
 71
1
 72
0
  0
ATTDEF
  5
20F
330
206
100
AcDbEntity
  8
0
100
AcDbText
 10
0.0
 20
-5.3999999999999995
 30
0.0
 40
1.5
  1

100
AcDbAttributeDefinition
  3

  2
ROOM
 70
1
 71
1
 72
0
  0
ATTDEF
  5
210
330
206
100
AcDbEntity
  8
0
100
AcDbText
 10
0.0
 20
-7.199999999999999
 30
0.0
 40
1.5
  1

100
AcDbAttributeDefinition
  3

  2
VERIFIED
 70
1
 71
1
 72
0
  0
ATTDEF
  5
211
330
206
100
AcDbEntity
  8
0
100
AcDbText
 10
0.0
 20
-9.0
 30
0.0
 40
1.5
  1

100
AcDbAttributeDefinition
  3

  2
SYMBOL_ID
 70
1
 71
1
 72
0
  0
ENDBLK
  5
208
330
206
100
AcDbEntity
  8
0
100
AcDbBlockEnd
  0
BLOCK
  5
213
330
212
100
AcDbEntity
  8
0
100
AcDbBlockBegin
  2
E_SYM_LD
 70
2
 10
0.0
 20
0.0
 30
0.0
  3
E_SYM_LD
  1

  0
CIRCLE
  5
215
330
212
100
AcDbEntity
  8
0
 62
0
100
AcDbCircle
 10
0.0
 20
-0.0
 30
0.0
 40
3.0
  0
LINE
  5
216
330
212
100
AcDbEntity
  8
0
 62
0
100
AcDbLine
 10
-2.12
 20
2.12
 30
0.0
 11
2.12
 21
-2.12
 31
0.0
  0
LINE
  5
217
330
212
100
AcDbEntity
  8
0
 62
0
100
AcDbLine
 10
-2.12
 20
-2.12
 30
0.0
 11
2.12
 21
2.12
 31
0.0
  0
ATTDEF
  5
218
330
212
100
AcDbEntity
  8
0
100
AcDbText
 10
0.0
 20
-1.7999999999999998
 30
0.0
 40
1.5
  1

100
AcDbAttributeDefinition
  3

  2
CODE
 70
1
 71
1
 72
0
  0
ATTDEF
  5
219
330
212
100
AcDbEntity
  8
0
100
AcDbText
 10
0.0
 20
-3.5999999999999996
 30
0.0
 40
1.5
  1

100
AcDbAttributeDefinition
  3

  2
NAME_DE
 70
1
 71
1
 72
0
  0
ATTDEF
  5
21A
330
212
100
AcDbEntity
  8
0
100
AcDbText
 10
0.0
 20
-5.3999999999999995
 30
0.0
 40
1.5
  1

100
AcDbAttributeDefinition
  3

  2
ROOM
 70
1
 71
1
 72
0
  0
ATTDEF
  5
21B
330
212
100
AcDbEntity
  8
0
100
AcDbText
 10
0.0
 20
-7.199999999999999
 30
0.0
 40
1.5
  1

100
AcDbAttributeDefinition
  3

  2
VERIFIED
 70
1
 71
1
 72
0
  0
ATTDEF
  5
21C
330
212
100
AcDbEntity
  8
0
100
AcDbText
 10
0.0
 20
-9.0
 30
0.0
 40
1.5
  1

100
AcDbAttributeDefinition
  3

  2
SYMBOL_ID
 70
1
 71
1
 72
0
  0
ENDBLK
  5
214
330
212
100
AcDbEntity
  8
0
100
AcDbBlockEnd
  0
BLOCK
  5
21E
330
21D
100
AcDbEntity
  8
0
100
AcDbBlockBegin
  2
E_SYM_RM
 70
2
 10
0.0
 20
0.0
 30
0.0
  3
E_SYM_RM
  1

  0
LWPOLYLINE
  5
220
330
21D
100
AcDbEntity
  8
0
 62
0
100
AcDbPolyline
 90
4
 70
1
 10
-3.0
 20
3.0
 10
3.0
 20
3.0
 10
3.0
 20
-3.0
 10
-3.0
 20
-3.0
  0
TEXT
  5
221
330
21D
100
AcDbEntity
  8
0
 62
0
100
AcDbText
 10
0.0
 20
-0.8
 30
0.0
 40
2.3
  1
RM
 72
1
 11
0.0
 21
-0.8
 31
0.0
100
AcDbText
  0
ATTDEF
  5
222
330
21D
100
AcDbEntity
  8
0
100
AcDbText
 10
0.0
 20
-1.7999999999999998
 30
0.0
 40
1.5
  1

100
AcDbAttributeDefinition
  3

  2
CODE
 70
1
 71
1
 72
0
  0
ATTDEF
  5
223
330
21D
100
AcDbEntity
  8
0
100
AcDbText
 10
0.0
 20
-3.5999999999999996
 30
0.0
 40
1.5
  1

100
AcDbAttributeDefinition
  3

  2
NAME_DE
 70
1
 71
1
 72
0
  0
ATTDEF
  5
224
330
21D
100
AcDbEntity
  8
0
100
AcDbText
 10
0.0
 20
-5.3999999999999995
 30
0.0
 40
1.5
  1

100
AcDbAttributeDefinition
  3

  2
ROOM
 70
1
 71
1
 72
0
  0
ATTDEF
  5
225
330
21D
100
AcDbEntity
  8
0
100
AcDbText
 10
0.0
 20
-7.199999999999999
 30
0.0
 40
1.5
  1

100
AcDbAttributeDefinition
  3

  2
VERIFIED
 70
1
 71
1
 72
0
  0
ATTDEF
  5
226
330
21D
100
AcDbEntity
  8
0
100
AcDbText
 10
0.0
 20
-9.0
 30
0.0
 40
1.5
  1

100
AcDbAttributeDefinition
  3

  2
SYMBOL_ID
 70
1
 71
1
 72
0
  0
ENDBLK
  5
21F
330
21D
100
AcDbEntity
  8
0
100
AcDbBlockEnd
  0
BLOCK
  5
228
330
227
100
AcDbEntity
  8
0
100
AcDbBlockBegin
  2
E_SYM_SA
 70
2
 10
0.0
 20
0.0
 30
0.0
  3
E_SYM_SA
  1

  0
CIRCLE
  5
22A
330
227
100
AcDbEntity
  8
0
 62
0
100
AcDbCircle
 10
0.0
 20
-0.0
 30
0.0
 40
1.5
  0
LINE
  5
22B
330
227
100
AcDbEntity
  8
0
 62
0
100
AcDbLine
 10
1.06
 20
1.06
 30
0.0
 11
3.9
 21
3.9
 31
0.0
  0
LINE
  5
22C
330
227
100
AcDbEntity
  8
0
 62
0
100
AcDbLine
 10
3.9
 20
3.9
 30
0.0
 11
4.75
 21
3.05
 31
0.0
  0
ATTDEF
  5
22D
330
227
100
AcDbEntity
  8
0
100
AcDbText
 10
0.0
 20
-1.7999999999999998
 30
0.0
 40
1.5
  1

100
AcDbAttributeDefinition
  3

  2
CODE
 70
1
 71
1
 72
0
  0
ATTDEF
  5
22E
330
227
100
AcDbEntity
  8
0
100
AcDbText
 10
0.0
 20
-3.5999999999999996
 30
0.0
 40
1.5
  1

100
AcDbAttributeDefinition
  3

  2
NAME_DE
 70
1
 71
1
 72
0
  0
ATTDEF
  5
22F
330
227
100
AcDbEntity
  8
0
100
AcDbText
 10
0.0
 20
-5.3999999999999995
 30
0.0
 40
1.5
  1

100
AcDbAttributeDefinition
  3

  2
ROOM
 70
1
 71
1
 72
0
  0
ATTDEF
  5
230
330
227
100
AcDbEntity
  8
0
100
AcDbText
 10
0.0
 20
-7.199999999999999
 30
0.0
 40
1.5
  1

100
AcDbAttributeDefinition
  3

  2
VERIFIED
 70
1
 71
1
 72
0
  0
ATTDEF
  5
231
330
227
100
AcDbEntity
  8
0
100
AcDbText
 10
0.0
 20
-9.0
 30
0.0
 40
1.5
  1

100
AcDbAttributeDefinition
  3

  2
SYMBOL_ID
 70
1
 71
1
 72
0
  0
ENDBLK
  5
229
330
227
100
AcDbEntity
  8
0
100
AcDbBlockEnd
  0
BLOCK
  5
233
330
232
100
AcDbEntity
  8
0
100
AcDbBlockBegin
  2
E_SYM_SK
 70
2
 10
0.0
 20
0.0
 30
0.0
  3
E_SYM_SK
  1

  0
CIRCLE
  5
235
330
232
100
AcDbEntity
  8
0
 62
0
100
AcDbCircle
 10
0.0
 20
-0.0
 30
0.0
 40
1.5
  0
LINE
  5
236
330
232
100
AcDbEntity
  8
0
 62
0
100
AcDbLine
 10
1.06
 20
1.06
 30
0.0
 11
3.9
 21
3.9
 31
0.0
  0
LINE
  5
237
330
232
100
AcDbEntity
  8
0
 62
0
100
AcDbLine
 10
3.9
 20
3.9
 30
0.0
 11
4.75
 21
3.05
 31
0.0
  0
LINE
  5
238
330
232
100
AcDbEntity
  8
0
 62
0
100
AcDbLine
 10
-1.06
 20
-1.06
 30
0.0
 11
-3.9
 21
-3.9
 31
0.0
  0
LINE
  5
239
330
232
100
AcDbEntity
  8
0
 62
0
100
AcDbLine
 10
-3.9
 20
-3.9
 30
0.0
 11
-4.75
 21
-3.05
 31
0.0
  0
LINE
  5
23A
330
232
100
AcDbEntity
  8
0
 62
0
100
AcDbLine
 10
-1.06
 20
1.06
 30
0.0
 11
-3.9
 21
3.9
 31
0.0
  0
LINE
  5
23B
330
232
100
AcDbEntity
  8
0
 62
0
100
AcDbLine
 10
-3.9
 20
3.9
 30
0.0
 11
-3.05
 21
4.75
 31
0.0
  0
LINE
  5
23C
330
232
100
AcDbEntity
  8
0
 62
0
100
AcDbLine
 10
1.06
 20
-1.06
 30
0.0
 11
3.9
 21
-3.9
 31
0.0
  0
LINE
  5
23D
330
232
100
AcDbEntity
  8
0
 62
0
100
AcDbLine
 10
3.9
 20
-3.9
 30
0.0
 11
3.05
 21
-4.75
 31
0.0
  0
ATTDEF
  5
23E
330
232
100
AcDbEntity
  8
0
100
AcDbText
 10
0.0
 20
-1.7999999999999998
 30
0.0
 40
1.5
  1

100
AcDbAttributeDefinition
  3

  2
CODE
 70
1
 71
1
 72
0
  0
ATTDEF
  5
23F
330
232
100
AcDbEntity
  8
0
100
AcDbText
 10
0.0
 20
-3.5999999999999996
 30
0.0
 40
1.5
  1

100
AcDbAttributeDefinition
  3

  2
NAME_DE
 70
1
 71
1
 72
0
  0
ATTDEF
  5
240
330
232
100
AcDbEntity
  8
0
100
AcDbText
 10
0.0
 20
-5.3999999999999995
 30
0.0
 40
1.5
  1

100
AcDbAttributeDefinition
  3

  2
ROOM
 70
1
 71
1
 72
0
  0
ATTDEF
  5
241
330
232
100
AcDbEntity
  8
0
100
AcDbText
 10
0.0
 20
-7.199999999999999
 30
0.0
 40
1.5
  1

100
AcDbAttributeDefinition
  3

  2
VERIFIED
 70
1
 71
1
 72
0
  0
ATTDEF
  5
242
330
232
100
AcDbEntity
  8
0
100
AcDbText
 10
0.0
 20
-9.0
 30
0.0
 40
1.5
  1

100
AcDbAttributeDefinition
  3

  2
SYMBOL_ID
 70
1
 71
1
 72
0
  0
ENDBLK
  5
234
330
232
100
AcDbEntity
  8
0
100
AcDbBlockEnd
  0
BLOCK
  5
244
330
243
100
AcDbEntity
  8
0
100
AcDbBlockBegin
  2
E_SYM_SS2
 70
2
 10
0.0
 20
0.0
 30
0.0
  3
E_SYM_SS2
  1

  0
ARC
  5
246
330
243
100
AcDbEntity
  8
0
 62
0
100
AcDbCircle
 10
0.0
 20
-0.0
 30
0.0
 40
3.0
100
AcDbArc
 50
0.0
 51
180.0
  0
LINE
  5
247
330
243
100
AcDbEntity
  8
0
 62
0
100
AcDbLine
 10
-3.0
 20
-0.0
 30
0.0
 11
3.0
 21
-0.0
 31
0.0
  0
LINE
  5
248
330
243
100
AcDbEntity
  8
0
 62
0
100
AcDbLine
 10
0.0
 20
-0.0
 30
0.0
 11
0.0
 21
-3.0
 31
0.0
  0
TEXT
  5
249
330
243
100
AcDbEntity
  8
0
 62
0
100
AcDbText
 10
4.4
 20
1.6
 30
0.0
 40
2.6
  1
2
 72
1
 11
4.4
 21
1.6
 31
0.0
100
AcDbText
  0
ATTDEF
  5
24A
330
243
100
AcDbEntity
  8
0
100
AcDbText
 10
0.0
 20
-1.7999999999999998
 30
0.0
 40
1.5
  1

100
AcDbAttributeDefinition
  3

  2
CODE
 70
1
 71
1
 72
0
  0
ATTDEF
  5
24B
330
243
100
AcDbEntity
  8
0
100
AcDbText
 10
0.0
 20
-3.5999999999999996
 30
0.0
 40
1.5
  1

100
AcDbAttributeDefinition
  3

  2
NAME_DE
 70
1
 71
1
 72
0
  0
ATTDEF
  5
24C
330
243
100
AcDbEntity
  8
0
100
AcDbText
 10
0.0
 20
-5.3999999999999995
 30
0.0
 40
1.5
  1

100
AcDbAttributeDefinition
  3

  2
ROOM
 70
1
 71
1
 72
0
  0
ATTDEF
  5
24D
330
243
100
AcDbEntity
  8
0
100
AcDbText
 10
0.0
 20
-7.199999999999999
 30
0.0
 40
1.5
  1

100
AcDbAttributeDefinition
  3

  2
VERIFIED
 70
1
 71
1
 72
0
  0
ATTDEF
  5
24E
330
243
100
AcDbEntity
  8
0
100
AcDbText
 10
0.0
 20
-9.0
 30
0.0
 40
1.5
  1

100
AcDbAttributeDefinition
  3

  2
SYMBOL_ID
 70
1
 71
1
 72
0
  0
ENDBLK
  5
245
330
243
100
AcDbEntity
  8
0
100
AcDbBlockEnd
  0
BLOCK
  5
250
330
24F
100
AcDbEntity
  8
0
100
AcDbBlockBegin
  2
E_SYM_SW
 70
2
 10
0.0
 20
0.0
 30
0.0
  3
E_SYM_SW
  1

  0
CIRCLE
  5
252
330
24F
100
AcDbEntity
  8
0
 62
0
100
AcDbCircle
 10
0.0
 20
-0.0
 30
0.0
 40
1.5
  0
LINE
  5
253
330
24F
100
AcDbEntity
  8
0
 62
0
100
AcDbLine
 10
1.06
 20
1.06
 30
0.0
 11
3.9
 21
3.9
 31
0.0
  0
LINE
  5
254
330
24F
100
AcDbEntity
  8
0
 62
0
100
AcDbLine
 10
3.9
 20
3.9
 30
0.0
 11
4.75
 21
3.05
 31
0.0
  0
LINE
  5
255
330
24F
100
AcDbEntity
  8
0
 62
0
100
AcDbLine
 10
-1.06
 20
-1.06
 30
0.0
 11
-3.9
 21
-3.9
 31
0.0
  0
LINE
  5
256
330
24F
100
AcDbEntity
  8
0
 62
0
100
AcDbLine
 10
-3.9
 20
-3.9
 30
0.0
 11
-4.75
 21
-3.05
 31
0.0
  0
ATTDEF
  5
257
330
24F
100
AcDbEntity
  8
0
100
AcDbText
 10
0.0
 20
-1.7999999999999998
 30
0.0
 40
1.5
  1

100
AcDbAttributeDefinition
  3

  2
CODE
 70
1
 71
1
 72
0
  0
ATTDEF
  5
258
330
24F
100
AcDbEntity
  8
0
100
AcDbText
 10
0.0
 20
-3.5999999999999996
 30
0.0
 40
1.5
  1

100
AcDbAttributeDefinition
  3

  2
NAME_DE
 70
1
 71
1
 72
0
  0
ATTDEF
  5
259
330
24F
100
AcDbEntity
  8
0
100
AcDbText
 10
0.0
 20
-5.3999999999999995
 30
0.0
 40
1.5
  1

100
AcDbAttributeDefinition
  3

  2
ROOM
 70
1
 71
1
 72
0
  0
ATTDEF
  5
25A
330
24F
100
AcDbEntity
  8
0
100
AcDbText
 10
0.0
 20
-7.199999999999999
 30
0.0
 40
1.5
  1

100
AcDbAttributeDefinition
  3

  2
VERIFIED
 70
1
 71
1
 72
0
  0
ATTDEF
  5
25B
330
24F
100
AcDbEntity
  8
0
100
AcDbText
 10
0.0
 20
-9.0
 30
0.0
 40
1.5
  1

100
AcDbAttributeDefinition
  3

  2
SYMBOL_ID
 70
1
 71
1
 72
0
  0
ENDBLK
  5
251
330
24F
100
AcDbEntity
  8
0
100
AcDbBlockEnd
  0
BLOCK
  5
25D
330
25C
100
AcDbEntity
  8
0
100
AcDbBlockBegin
  2
E_SYM_VT
 70
2
 10
0.0
 20
0.0
 30
0.0
  3
E_SYM_VT
  1

  0
LWPOLYLINE
  5
25F
330
25C
100
AcDbEntity
  8
0
 62
0
100
AcDbPolyline
 90
4
 70
1
 10
-5.0
 20
2.5
 10
5.0
 20
2.5
 10
5.0
 20
-2.5
 10
-5.0
 20
-2.5
  0
LINE
  5
260
330
25C
100
AcDbEntity
  8
0
 62
0
100
AcDbLine
 10
-5.0
 20
-2.5
 30
0.0
 11
5.0
 21
2.5
 31
0.0
  0
LINE
  5
261
330
25C
100
AcDbEntity
  8
0
 62
0
100
AcDbLine
 10
5.0
 20
2.5
 30
0.0
 11
5.0
 21
-2.5
 31
0.0
  0
LINE
  5
262
330
25C
100
AcDbEntity
  8
0
 62
0
100
AcDbLine
 10
5.0
 20
-2.5
 30
0.0
 11
-5.0
 21
-2.5
 31
0.0
  0
HATCH
  5
263
330
25C
100
AcDbEntity
  8
0
 62
0
100
AcDbHatch
 10
0.0
 20
0.0
 30
0.0
210
0.0
220
0.0
230
1.0
  2
SOLID
 70
1
 71
0
 91
1
 92
3
 72
0
 73
1
 93
3
 10
-5.0
 20
-2.5
 10
5.0
 20
2.5
 10
5.0
 20
-2.5
 97
0
 75
1
 76
1
 98
0
  0
ATTDEF
  5
264
330
25C
100
AcDbEntity
  8
0
100
AcDbText
 10
0.0
 20
-1.7999999999999998
 30
0.0
 40
1.5
  1

100
AcDbAttributeDefinition
  3

  2
CODE
 70
1
 71
1
 72
0
  0
ATTDEF
  5
265
330
25C
100
AcDbEntity
  8
0
100
AcDbText
 10
0.0
 20
-3.5999999999999996
 30
0.0
 40
1.5
  1

100
AcDbAttributeDefinition
  3

  2
NAME_DE
 70
1
 71
1
 72
0
  0
ATTDEF
  5
266
330
25C
100
AcDbEntity
  8
0
100
AcDbText
 10
0.0
 20
-5.3999999999999995
 30
0.0
 40
1.5
  1

100
AcDbAttributeDefinition
  3

  2
ROOM
 70
1
 71
1
 72
0
  0
ATTDEF
  5
267
330
25C
100
AcDbEntity
  8
0
100
AcDbText
 10
0.0
 20
-7.199999999999999
 30
0.0
 40
1.5
  1

100
AcDbAttributeDefinition
  3

  2
VERIFIED
 70
1
 71
1
 72
0
  0
ATTDEF
  5
268
330
25C
100
AcDbEntity
  8
0
100
AcDbText
 10
0.0
 20
-9.0
 30
0.0
 40
1.5
  1

100
AcDbAttributeDefinition
  3

  2
SYMBOL_ID
 70
1
 71
1
 72
0
  0
ENDBLK
  5
25E
330
25C
100
AcDbEntity
  8
0
100
AcDbBlockEnd
  0
ENDSEC
  0
SECTION
  2
ENTITIES
  0
LINE
  5
98
330
17
100
AcDbEntity
  8
2OG_10_Wand_tragend
100
AcDbLine
 10
11.0
 20
-0.5
 30
0.0
 11
5.6
 21
-0.5
 31
0.0
  0
LINE
  5
99
330
17
100
AcDbEntity
  8
2OG_10_Wand_tragend
100
AcDbLine
 10
5.6
 20
-0.5
 30
0.0
 11
5.6
 21
0.0
 31
0.0
  0
LINE
  5
9A
330
17
100
AcDbEntity
  8
2OG_10_Wand_tragend
100
AcDbLine
 10
5.6
 20
0.0
 30
0.0
 11
10.5
 21
0.0
 31
0.0
  0
LINE
  5
9B
330
17
100
AcDbEntity
  8
2OG_10_Wand_tragend
100
AcDbLine
 10
10.5
 20
0.0
 30
0.0
 11
10.5
 21
1.6
 31
0.0
  0
LINE
  5
9C
330
17
100
AcDbEntity
  8
2OG_10_Wand_tragend
100
AcDbLine
 10
10.5
 20
1.6
 30
0.0
 11
11.0
 21
1.6
 31
0.0
  0
LINE
  5
9D
330
17
100
AcDbEntity
  8
2OG_10_Wand_tragend
100
AcDbLine
 10
11.0
 20
1.6
 30
0.0
 11
11.0
 21
-0.5
 31
0.0
  0
LINE
  5
9E
330
17
100
AcDbEntity
  8
2OG_10_Wand_tragend
100
AcDbLine
 10
2.4
 20
-0.5
 30
0.0
 11
2.4
 21
0.0
 31
0.0
  0
LINE
  5
9F
330
17
100
AcDbEntity
  8
2OG_10_Wand_tragend
100
AcDbLine
 10
2.4
 20
0.0
 30
0.0
 11
4.6
 21
0.0
 31
0.0
  0
LINE
  5
A0
330
17
100
AcDbEntity
  8
2OG_10_Wand_tragend
100
AcDbLine
 10
4.6
 20
0.0
 30
0.0
 11
4.6
 21
-0.5
 31
0.0
  0
LINE
  5
A1
330
17
100
AcDbEntity
  8
2OG_10_Wand_tragend
100
AcDbLine
 10
4.6
 20
-0.5
 30
0.0
 11
2.4
 21
-0.5
 31
0.0
  0
LINE
  5
A2
330
17
100
AcDbEntity
  8
2OG_10_Wand_tragend
100
AcDbLine
 10
1.2
 20
-0.5
 30
0.0
 11
-0.5
 21
-0.5
 31
0.0
  0
LINE
  5
A3
330
17
100
AcDbEntity
  8
2OG_10_Wand_tragend
100
AcDbLine
 10
-0.5
 20
-0.5
 30
0.0
 11
-0.5
 21
9.0
 31
0.0
  0
LINE
  5
A4
330
17
100
AcDbEntity
  8
2OG_10_Wand_tragend
100
AcDbLine
 10
-0.5
 20
9.0
 30
0.0
 11
0.9
 21
9.0
 31
0.0
  0
LINE
  5
A5
330
17
100
AcDbEntity
  8
2OG_10_Wand_tragend
100
AcDbLine
 10
0.9
 20
9.0
 30
0.0
 11
0.9
 21
8.5
 31
0.0
  0
LINE
  5
A6
330
17
100
AcDbEntity
  8
2OG_10_Wand_tragend
100
AcDbLine
 10
0.9
 20
8.5
 30
0.0
 11
0.0
 21
8.5
 31
0.0
  0
LINE
  5
A7
330
17
100
AcDbEntity
  8
2OG_10_Wand_tragend
100
AcDbLine
 10
0.0
 20
8.5
 30
0.0
 11
0.0
 21
4.75
 31
0.0
  0
LINE
  5
A8
330
17
100
AcDbEntity
  8
2OG_10_Wand_tragend
100
AcDbLine
 10
0.0
 20
4.75
 30
0.0
 11
2.0
 21
4.75
 31
0.0
  0
LINE
  5
A9
330
17
100
AcDbEntity
  8
2OG_10_Wand_tragend
100
AcDbLine
 10
2.0
 20
4.75
 30
0.0
 11
2.0
 21
4.5
 31
0.0
  0
LINE
  5
AA
330
17
100
AcDbEntity
  8
2OG_10_Wand_tragend
100
AcDbLine
 10
2.0
 20
4.5
 30
0.0
 11
0.0
 21
4.5
 31
0.0
  0
LINE
  5
AB
330
17
100
AcDbEntity
  8
2OG_10_Wand_tragend
100
AcDbLine
 10
0.0
 20
4.5
 30
0.0
 11
0.0
 21
0.0
 31
0.0
  0
LINE
  5
AC
330
17
100
AcDbEntity
  8
2OG_10_Wand_tragend
100
AcDbLine
 10
0.0
 20
0.0
 30
0.0
 11
1.2
 21
0.0
 31
0.0
  0
LINE
  5
AD
330
17
100
AcDbEntity
  8
2OG_10_Wand_tragend
100
AcDbLine
 10
1.2
 20
0.0
 30
0.0
 11
1.2
 21
-0.5
 31
0.0
  0
LINE
  5
AE
330
17
100
AcDbEntity
  8
2OG_10_Wand_tragend
100
AcDbLine
 10
3.3
 20
9.0
 30
0.0
 11
3.3
 21
8.5
 31
0.0
  0
LINE
  5
AF
330
17
100
AcDbEntity
  8
2OG_10_Wand_tragend
100
AcDbLine
 10
3.3
 20
8.5
 30
0.0
 11
2.1
 21
8.5
 31
0.0
  0
LINE
  5
B0
330
17
100
AcDbEntity
  8
2OG_10_Wand_tragend
100
AcDbLine
 10
2.1
 20
8.5
 30
0.0
 11
2.1
 21
9.0
 31
0.0
  0
LINE
  5
B1
330
17
100
AcDbEntity
  8
2OG_10_Wand_tragend
100
AcDbLine
 10
2.1
 20
9.0
 30
0.0
 11
3.3
 21
9.0
 31
0.0
  0
LINE
  5
B2
330
17
100
AcDbEntity
  8
2OG_10_Wand_tragend
100
AcDbLine
 10
6.6
 20
9.0
 30
0.0
 11
6.6
 21
8.5
 31
0.0
  0
LINE
  5
B3
330
17
100
AcDbEntity
  8
2OG_10_Wand_tragend
100
AcDbLine
 10
6.6
 20
8.5
 30
0.0
 11
4.5
 21
8.5
 31
0.0
  0
LINE
  5
B4
330
17
100
AcDbEntity
  8
2OG_10_Wand_tragend
100
AcDbLine
 10
4.5
 20
8.5
 30
0.0
 11
4.5
 21
9.0
 31
0.0
  0
LINE
  5
B5
330
17
100
AcDbEntity
  8
2OG_10_Wand_tragend
100
AcDbLine
 10
4.5
 20
9.0
 30
0.0
 11
6.6
 21
9.0
 31
0.0
  0
LINE
  5
B6
330
17
100
AcDbEntity
  8
2OG_10_Wand_tragend
100
AcDbLine
 10
8.6
 20
9.0
 30
0.0
 11
8.6
 21
8.5
 31
0.0
  0
LINE
  5
B7
330
17
100
AcDbEntity
  8
2OG_10_Wand_tragend
100
AcDbLine
 10
8.6
 20
8.5
 30
0.0
 11
7.8
 21
8.5
 31
0.0
  0
LINE
  5
B8
330
17
100
AcDbEntity
  8
2OG_10_Wand_tragend
100
AcDbLine
 10
7.8
 20
8.5
 30
0.0
 11
7.8
 21
9.0
 31
0.0
  0
LINE
  5
B9
330
17
100
AcDbEntity
  8
2OG_10_Wand_tragend
100
AcDbLine
 10
7.8
 20
9.0
 30
0.0
 11
8.6
 21
9.0
 31
0.0
  0
LINE
  5
BA
330
17
100
AcDbEntity
  8
2OG_10_Wand_tragend
100
AcDbLine
 10
9.8
 20
9.0
 30
0.0
 11
11.0
 21
9.0
 31
0.0
  0
LINE
  5
BB
330
17
100
AcDbEntity
  8
2OG_10_Wand_tragend
100
AcDbLine
 10
11.0
 20
9.0
 30
0.0
 11
11.0
 21
4.0
 31
0.0
  0
LINE
  5
BC
330
17
100
AcDbEntity
  8
2OG_10_Wand_tragend
100
AcDbLine
 10
11.0
 20
4.0
 30
0.0
 11
10.5
 21
4.0
 31
0.0
  0
LINE
  5
BD
330
17
100
AcDbEntity
  8
2OG_10_Wand_tragend
100
AcDbLine
 10
10.5
 20
4.0
 30
0.0
 11
10.5
 21
4.5
 31
0.0
  0
LINE
  5
BE
330
17
100
AcDbEntity
  8
2OG_10_Wand_tragend
100
AcDbLine
 10
10.5
 20
4.5
 30
0.0
 11
6.52
 21
4.5
 31
0.0
  0
LINE
  5
BF
330
17
100
AcDbEntity
  8
2OG_10_Wand_tragend
100
AcDbLine
 10
6.52
 20
4.5
 30
0.0
 11
6.52
 21
4.75
 31
0.0
  0
LINE
  5
C0
330
17
100
AcDbEntity
  8
2OG_10_Wand_tragend
100
AcDbLine
 10
6.52
 20
4.75
 30
0.0
 11
10.5
 21
4.75
 31
0.0
  0
LINE
  5
C1
330
17
100
AcDbEntity
  8
2OG_10_Wand_tragend
100
AcDbLine
 10
10.5
 20
4.75
 30
0.0
 11
10.5
 21
8.5
 31
0.0
  0
LINE
  5
C2
330
17
100
AcDbEntity
  8
2OG_10_Wand_tragend
100
AcDbLine
 10
10.5
 20
8.5
 30
0.0
 11
9.8
 21
8.5
 31
0.0
  0
LINE
  5
C3
330
17
100
AcDbEntity
  8
2OG_10_Wand_tragend
100
AcDbLine
 10
9.8
 20
8.5
 30
0.0
 11
9.8
 21
9.0
 31
0.0
  0
LINE
  5
C4
330
17
100
AcDbEntity
  8
2OG_10_Wand_tragend
100
AcDbLine
 10
11.0
 20
2.2
 30
0.0
 11
10.5
 21
2.2
 31
0.0
  0
LINE
  5
C5
330
17
100
AcDbEntity
  8
2OG_10_Wand_tragend
100
AcDbLine
 10
10.5
 20
2.2
 30
0.0
 11
10.5
 21
3.1
 31
0.0
  0
LINE
  5
C6
330
17
100
AcDbEntity
  8
2OG_10_Wand_tragend
100
AcDbLine
 10
10.5
 20
3.1
 30
0.0
 11
11.0
 21
3.1
 31
0.0
  0
LINE
  5
C7
330
17
100
AcDbEntity
  8
2OG_10_Wand_tragend
100
AcDbLine
 10
11.0
 20
3.1
 30
0.0
 11
11.0
 21
2.2
 31
0.0
  0
LINE
  5
C8
330
17
100
AcDbEntity
  8
2OG_10_Wand_tragend
100
AcDbLine
 10
4.0
 20
4.75
 30
0.0
 11
4.0
 21
4.5
 31
0.0
  0
LINE
  5
C9
330
17
100
AcDbEntity
  8
2OG_10_Wand_tragend
100
AcDbLine
 10
4.0
 20
4.5
 30
0.0
 11
2.9
 21
4.5
 31
0.0
  0
LINE
  5
CA
330
17
100
AcDbEntity
  8
2OG_10_Wand_tragend
100
AcDbLine
 10
2.9
 20
4.5
 30
0.0
 11
2.9
 21
4.75
 31
0.0
  0
LINE
  5
CB
330
17
100
AcDbEntity
  8
2OG_10_Wand_tragend
100
AcDbLine
 10
2.9
 20
4.75
 30
0.0
 11
4.0
 21
4.75
 31
0.0
  0
LINE
  5
CC
330
17
100
AcDbEntity
  8
2OG_10_Wand_tragend
100
AcDbLine
 10
5.72
 20
4.75
 30
0.0
 11
5.72
 21
4.5
 31
0.0
  0
LINE
  5
CD
330
17
100
AcDbEntity
  8
2OG_10_Wand_tragend
100
AcDbLine
 10
5.72
 20
4.5
 30
0.0
 11
4.9
 21
4.5
 31
0.0
  0
LINE
  5
CE
330
17
100
AcDbEntity
  8
2OG_10_Wand_tragend
100
AcDbLine
 10
4.9
 20
4.5
 30
0.0
 11
4.9
 21
4.75
 31
0.0
  0
LINE
  5
CF
330
17
100
AcDbEntity
  8
2OG_10_Wand_tragend
100
AcDbLine
 10
4.9
 20
4.75
 30
0.0
 11
5.72
 21
4.75
 31
0.0
  0
LINE
  5
D0
330
17
100
AcDbEntity
  8
2OG_11_Wand_nichttragend
100
AcDbLine
 10
6.74
 20
1.1
 30
0.0
 11
6.74
 21
0.9
 31
0.0
  0
LINE
  5
D1
330
17
100
AcDbEntity
  8
2OG_11_Wand_nichttragend
100
AcDbLine
 10
6.74
 20
0.9
 30
0.0
 11
6.62
 21
0.9
 31
0.0
  0
LINE
  5
D2
330
17
100
AcDbEntity
  8
2OG_11_Wand_nichttragend
100
AcDbLine
 10
6.62
 20
0.9
 30
0.0
 11
6.62
 21
1.6
 31
0.0
  0
LINE
  5
D3
330
17
100
AcDbEntity
  8
2OG_11_Wand_nichttragend
100
AcDbLine
 10
6.62
 20
1.6
 30
0.0
 11
6.74
 21
1.6
 31
0.0
  0
LINE
  5
D4
330
17
100
AcDbEntity
  8
2OG_11_Wand_nichttragend
100
AcDbLine
 10
6.74
 20
1.6
 30
0.0
 11
6.74
 21
1.22
 31
0.0
  0
LINE
  5
D5
330
17
100
AcDbEntity
  8
2OG_11_Wand_nichttragend
100
AcDbLine
 10
6.74
 20
1.22
 30
0.0
 11
10.5
 21
1.22
 31
0.0
  0
LINE
  5
D6
330
17
100
AcDbEntity
  8
2OG_11_Wand_nichttragend
100
AcDbLine
 10
10.5
 20
1.1
 30
0.0
 11
6.74
 21
1.1
 31
0.0
  0
LINE
  5
D7
330
17
100
AcDbEntity
  8
2OG_11_Wand_nichttragend
100
AcDbLine
 10
6.62
 20
0.0
 30
0.0
 11
6.62
 21
0.2
 31
0.0
  0
LINE
  5
D8
330
17
100
AcDbEntity
  8
2OG_11_Wand_nichttragend
100
AcDbLine
 10
6.62
 20
0.2
 30
0.0
 11
6.74
 21
0.2
 31
0.0
  0
LINE
  5
D9
330
17
100
AcDbEntity
  8
2OG_11_Wand_nichttragend
100
AcDbLine
 10
6.74
 20
0.2
 30
0.0
 11
6.74
 21
0.0
 31
0.0
  0
LINE
  5
DA
330
17
100
AcDbEntity
  8
2OG_11_Wand_nichttragend
100
AcDbLine
 10
6.62
 20
3.1
 30
0.0
 11
6.74
 21
3.1
 31
0.0
  0
LINE
  5
DB
330
17
100
AcDbEntity
  8
2OG_11_Wand_nichttragend
100
AcDbLine
 10
6.74
 20
3.1
 30
0.0
 11
6.74
 21
2.3
 31
0.0
  0
LINE
  5
DC
330
17
100
AcDbEntity
  8
2OG_11_Wand_nichttragend
100
AcDbLine
 10
6.74
 20
2.3
 30
0.0
 11
6.62
 21
2.3
 31
0.0
  0
LINE
  5
DD
330
17
100
AcDbEntity
  8
2OG_11_Wand_nichttragend
100
AcDbLine
 10
6.62
 20
2.3
 30
0.0
 11
6.62
 21
3.1
 31
0.0
  0
LINE
  5
DE
330
17
100
AcDbEntity
  8
2OG_11_Wand_nichttragend
100
AcDbLine
 10
6.74
 20
4.5
 30
0.0
 11
6.74
 21
3.9
 31
0.0
  0
LINE
  5
DF
330
17
100
AcDbEntity
  8
2OG_11_Wand_nichttragend
100
AcDbLine
 10
6.74
 20
3.9
 30
0.0
 11
6.62
 21
3.9
 31
0.0
  0
LINE
  5
E0
330
17
100
AcDbEntity
  8
2OG_11_Wand_nichttragend
100
AcDbLine
 10
6.62
 20
3.9
 30
0.0
 11
6.62
 21
4.5
 31
0.0
  0
LINE
  5
E1
330
17
100
AcDbEntity
  8
2OG_11_Wand_nichttragend
100
AcDbLine
 10
3.62
 20
3.6
 30
0.0
 11
3.5
 21
3.6
 31
0.0
  0
LINE
  5
E2
330
17
100
AcDbEntity
  8
2OG_11_Wand_nichttragend
100
AcDbLine
 10
3.5
 20
3.6
 30
0.0
 11
3.5
 21
4.5
 31
0.0
  0
LINE
  5
E3
330
17
100
AcDbEntity
  8
2OG_11_Wand_nichttragend
100
AcDbLine
 10
3.62
 20
4.5
 30
0.0
 11
3.62
 21
3.6
 31
0.0
  0
LINE
  5
E4
330
17
100
AcDbEntity
  8
2OG_11_Wand_nichttragend
100
AcDbLine
 10
3.5
 20
0.0
 30
0.0
 11
3.5
 21
2.8
 31
0.0
  0
LINE
  5
E5
330
17
100
AcDbEntity
  8
2OG_11_Wand_nichttragend
100
AcDbLine
 10
3.5
 20
2.8
 30
0.0
 11
3.62
 21
2.8
 31
0.0
  0
LINE
  5
E6
330
17
100
AcDbEntity
  8
2OG_11_Wand_nichttragend
100
AcDbLine
 10
3.62
 20
2.8
 30
0.0
 11
3.62
 21
0.0
 31
0.0
  0
LINE
  5
E7
330
17
100
AcDbEntity
  8
2OG_11_Wand_nichttragend
100
AcDbLine
 10
5.5
 20
4.75
 30
0.0
 11
5.5
 21
8.5
 31
0.0
  0
LINE
  5
E8
330
17
100
AcDbEntity
  8
2OG_11_Wand_nichttragend
100
AcDbLine
 10
5.62
 20
8.5
 30
0.0
 11
5.62
 21
4.75
 31
0.0
  0
LINE
  5
E9
330
17
100
AcDbEntity
  8
2OG_11_Abbruch_Wand_nichttragend
100
AcDbLine
 10
6.74
 20
2.74
 30
0.0
 11
10.5
 21
2.74
 31
0.0
  0
LINE
  5
EA
330
17
100
AcDbEntity
  8
2OG_11_Abbruch_Wand_nichttragend
100
AcDbLine
 10
10.5
 20
2.62
 30
0.0
 11
6.74
 21
2.62
 31
0.0
  0
LINE
  5
EB
330
17
100
AcDbEntity
  8
2OG_11_Neubau_Wand_nichttragend
100
AcDbLine
 10
6.82
 20
6.0
 30
0.0
 11
5.62
 21
6.0
 31
0.0
  0
LINE
  5
EC
330
17
100
AcDbEntity
  8
2OG_11_Neubau_Wand_nichttragend
100
AcDbLine
 10
5.62
 20
6.12
 30
0.0
 11
6.82
 21
6.12
 31
0.0
  0
LINE
  5
ED
330
17
100
AcDbEntity
  8
2OG_11_Neubau_Wand_nichttragend
100
AcDbLine
 10
6.82
 20
6.12
 30
0.0
 11
6.82
 21
6.0
 31
0.0
  0
LINE
  5
EE
330
17
100
AcDbEntity
  8
2OG_21_Tueren
100
AcDbLine
 10
4.6
 20
0.0
 30
0.0
 11
5.6
 21
0.0
 31
0.0
  0
LINE
  5
EF
330
17
100
AcDbEntity
  8
2OG_21_Tueren
100
AcDbLine
 10
4.6
 20
-0.5
 30
0.0
 11
5.6
 21
-0.5
 31
0.0
  0
LINE
  5
F0
330
17
100
AcDbEntity
  8
2OG_21_Tueren
100
AcDbLine
 10
4.6
 20
0.0
 30
0.0
 11
4.6
 21
1.0
 31
0.0
  0
ARC
  5
F1
330
17
100
AcDbEntity
  8
2OG_21_Tueren
100
AcDbCircle
 10
4.6
 20
0.0
 30
0.0
 40
1.0
100
AcDbArc
 50
0.0
 51
90.0
  0
LINE
  5
F2
330
17
100
AcDbEntity
  8
2OG_21_Tueren
100
AcDbLine
 10
4.0
 20
4.75
 30
0.0
 11
4.9
 21
4.75
 31
0.0
  0
LINE
  5
F3
330
17
100
AcDbEntity
  8
2OG_21_Tueren
100
AcDbLine
 10
4.0
 20
4.5
 30
0.0
 11
4.9
 21
4.5
 31
0.0
  0
LINE
  5
F4
330
17
100
AcDbEntity
  8
2OG_21_Tueren
100
AcDbLine
 10
4.0
 20
4.75
 30
0.0
 11
4.0
 21
5.65
 31
0.0
  0
ARC
  5
F5
330
17
100
AcDbEntity
  8
2OG_21_Tueren
100
AcDbCircle
 10
4.0
 20
4.75
 30
0.0
 40
0.9
100
AcDbArc
 50
0.0
 51
90.0
  0
LINE
  5
F6
330
17
100
AcDbEntity
  8
2OG_21_Tueren
100
AcDbLine
 10
5.72
 20
4.75
 30
0.0
 11
6.52
 21
4.75
 31
0.0
  0
LINE
  5
F7
330
17
100
AcDbEntity
  8
2OG_21_Tueren
100
AcDbLine
 10
5.72
 20
4.5
 30
0.0
 11
6.52
 21
4.5
 31
0.0
  0
LINE
  5
F8
330
17
100
AcDbEntity
  8
2OG_21_Tueren
100
AcDbLine
 10
6.52
 20
4.75
 30
0.0
 11
6.52
 21
5.55
 31
0.0
  0
ARC
  5
F9
330
17
100
AcDbEntity
  8
2OG_21_Tueren
100
AcDbCircle
 10
6.52
 20
4.75
 30
0.0
 40
0.8
100
AcDbArc
 50
90.0
 51
180.0
  0
LINE
  5
FA
330
17
100
AcDbEntity
  8
2OG_21_Tueren
100
AcDbLine
 10
3.5
 20
2.8
 30
0.0
 11
3.5
 21
3.6
 31
0.0
  0
LINE
  5
FB
330
17
100
AcDbEntity
  8
2OG_21_Tueren
100
AcDbLine
 10
3.62
 20
2.8
 30
0.0
 11
3.62
 21
3.6
 31
0.0
  0
LINE
  5
FC
330
17
100
AcDbEntity
  8
2OG_21_Tueren
100
AcDbLine
 10
3.5
 20
3.6
 30
0.0
 11
2.7
 21
3.6
 31
0.0
  0
ARC
  5
FD
330
17
100
AcDbEntity
  8
2OG_21_Tueren
100
AcDbCircle
 10
3.5
 20
3.6
 30
0.0
 40
0.8
100
AcDbArc
 50
180.0
 51
270.0
  0
LINE
  5
FE
330
17
100
AcDbEntity
  8
2OG_21_Tueren
100
AcDbLine
 10
6.74
 20
0.2
 30
0.0
 11
6.74
 21
0.9
 31
0.0
  0
LINE
  5
FF
330
17
100
AcDbEntity
  8
2OG_21_Tueren
100
AcDbLine
 10
6.62
 20
0.2
 30
0.0
 11
6.62
 21
0.9
 31
0.0
  0
LINE
  5
100
330
17
100
AcDbEntity
  8
2OG_21_Tueren
100
AcDbLine
 10
6.74
 20
0.2
 30
0.0
 11
7.44
 21
0.2
 31
0.0
  0
ARC
  5
101
330
17
100
AcDbEntity
  8
2OG_21_Tueren
100
AcDbCircle
 10
6.74
 20
0.2
 30
0.0
 40
0.7
100
AcDbArc
 50
0.0
 51
90.0
  0
LINE
  5
102
330
17
100
AcDbEntity
  8
2OG_21_Tueren
100
AcDbLine
 10
6.74
 20
1.6
 30
0.0
 11
6.74
 21
2.3
 31
0.0
  0
LINE
  5
103
330
17
100
AcDbEntity
  8
2OG_21_Tueren
100
AcDbLine
 10
6.62
 20
1.6
 30
0.0
 11
6.62
 21
2.3
 31
0.0
  0
LINE
  5
104
330
17
100
AcDbEntity
  8
2OG_21_Tueren
100
AcDbLine
 10
6.74
 20
1.6
 30
0.0
 11
7.44
 21
1.6
 31
0.0
  0
ARC
  5
105
330
17
100
AcDbEntity
  8
2OG_21_Tueren
100
AcDbCircle
 10
6.74
 20
1.6
 30
0.0
 40
0.7
100
AcDbArc
 50
0.0
 51
90.0
  0
LINE
  5
106
330
17
100
AcDbEntity
  8
2OG_21_Tueren
100
AcDbLine
 10
6.74
 20
3.1
 30
0.0
 11
6.74
 21
3.9
 31
0.0
  0
LINE
  5
107
330
17
100
AcDbEntity
  8
2OG_21_Tueren
100
AcDbLine
 10
6.62
 20
3.1
 30
0.0
 11
6.62
 21
3.9
 31
0.0
  0
LINE
  5
108
330
17
100
AcDbEntity
  8
2OG_21_Tueren
100
AcDbLine
 10
6.74
 20
3.1
 30
0.0
 11
7.54
 21
3.1
 31
0.0
  0
ARC
  5
109
330
17
100
AcDbEntity
  8
2OG_21_Tueren
100
AcDbCircle
 10
6.74
 20
3.1
 30
0.0
 40
0.8
100
AcDbArc
 50
0.0
 51
90.0
  0
LINE
  5
10A
330
17
100
AcDbEntity
  8
2OG_21_Tueren
100
AcDbLine
 10
2.0
 20
4.75
 30
0.0
 11
2.9
 21
4.75
 31
0.0
  0
LINE
  5
10B
330
17
100
AcDbEntity
  8
2OG_21_Tueren
100
AcDbLine
 10
2.0
 20
4.5
 30
0.0
 11
2.9
 21
4.5
 31
0.0
  0
LINE
  5
10C
330
17
100
AcDbEntity
  8
2OG_21_Tueren
100
AcDbLine
 10
2.0
 20
4.75
 30
0.0
 11
2.0
 21
5.65
 31
0.0
  0
ARC
  5
10D
330
17
100
AcDbEntity
  8
2OG_21_Tueren
100
AcDbCircle
 10
2.0
 20
4.75
 30
0.0
 40
0.9
100
AcDbArc
 50
0.0
 51
90.0
  0
LINE
  5
10E
330
17
100
AcDbEntity
  8
2OG_20_Fenster
100
AcDbLine
 10
0.9
 20
9.0
 30
0.0
 11
2.1
 21
9.0
 31
0.0
  0
LINE
  5
10F
330
17
100
AcDbEntity
  8
2OG_20_Fenster
100
AcDbLine
 10
0.9
 20
8.5
 30
0.0
 11
2.1
 21
8.5
 31
0.0
  0
LINE
  5
110
330
17
100
AcDbEntity
  8
2OG_20_Fenster
100
AcDbLine
 10
0.9
 20
8.9
 30
0.0
 11
2.1
 21
8.9
 31
0.0
  0
LINE
  5
111
330
17
100
AcDbEntity
  8
2OG_20_Fenster
100
AcDbLine
 10
0.9
 20
8.6
 30
0.0
 11
2.1
 21
8.6
 31
0.0
  0
LINE
  5
112
330
17
100
AcDbEntity
  8
2OG_20_Fenster
100
AcDbLine
 10
0.85
 20
8.5
 30
0.0
 11
0.85
 21
8.45
 31
0.0
  0
LINE
  5
113
330
17
100
AcDbEntity
  8
2OG_20_Fenster
100
AcDbLine
 10
0.85
 20
8.45
 30
0.0
 11
2.15
 21
8.45
 31
0.0
  0
LINE
  5
114
330
17
100
AcDbEntity
  8
2OG_20_Fenster
100
AcDbLine
 10
2.15
 20
8.45
 30
0.0
 11
2.15
 21
8.5
 31
0.0
  0
LINE
  5
115
330
17
100
AcDbEntity
  8
2OG_20_Fenster
100
AcDbLine
 10
3.3
 20
9.0
 30
0.0
 11
4.5
 21
9.0
 31
0.0
  0
LINE
  5
116
330
17
100
AcDbEntity
  8
2OG_20_Fenster
100
AcDbLine
 10
3.3
 20
8.5
 30
0.0
 11
4.5
 21
8.5
 31
0.0
  0
LINE
  5
117
330
17
100
AcDbEntity
  8
2OG_20_Fenster
100
AcDbLine
 10
3.3
 20
8.9
 30
0.0
 11
4.5
 21
8.9
 31
0.0
  0
LINE
  5
118
330
17
100
AcDbEntity
  8
2OG_20_Fenster
100
AcDbLine
 10
3.3
 20
8.6
 30
0.0
 11
4.5
 21
8.6
 31
0.0
  0
LINE
  5
119
330
17
100
AcDbEntity
  8
2OG_20_Fenster
100
AcDbLine
 10
3.25
 20
8.5
 30
0.0
 11
3.25
 21
8.45
 31
0.0
  0
LINE
  5
11A
330
17
100
AcDbEntity
  8
2OG_20_Fenster
100
AcDbLine
 10
3.25
 20
8.45
 30
0.0
 11
4.55
 21
8.45
 31
0.0
  0
LINE
  5
11B
330
17
100
AcDbEntity
  8
2OG_20_Fenster
100
AcDbLine
 10
4.55
 20
8.45
 30
0.0
 11
4.55
 21
8.5
 31
0.0
  0
LINE
  5
11C
330
17
100
AcDbEntity
  8
2OG_20_Fenster
100
AcDbLine
 10
6.6
 20
9.0
 30
0.0
 11
7.8
 21
9.0
 31
0.0
  0
LINE
  5
11D
330
17
100
AcDbEntity
  8
2OG_20_Fenster
100
AcDbLine
 10
6.6
 20
8.5
 30
0.0
 11
7.8
 21
8.5
 31
0.0
  0
LINE
  5
11E
330
17
100
AcDbEntity
  8
2OG_20_Fenster
100
AcDbLine
 10
6.6
 20
8.9
 30
0.0
 11
7.8
 21
8.9
 31
0.0
  0
LINE
  5
11F
330
17
100
AcDbEntity
  8
2OG_20_Fenster
100
AcDbLine
 10
6.6
 20
8.6
 30
0.0
 11
7.8
 21
8.6
 31
0.0
  0
LINE
  5
120
330
17
100
AcDbEntity
  8
2OG_20_Fenster
100
AcDbLine
 10
6.55
 20
8.5
 30
0.0
 11
6.55
 21
8.45
 31
0.0
  0
LINE
  5
121
330
17
100
AcDbEntity
  8
2OG_20_Fenster
100
AcDbLine
 10
6.55
 20
8.45
 30
0.0
 11
7.85
 21
8.45
 31
0.0
  0
LINE
  5
122
330
17
100
AcDbEntity
  8
2OG_20_Fenster
100
AcDbLine
 10
7.85
 20
8.45
 30
0.0
 11
7.85
 21
8.5
 31
0.0
  0
LINE
  5
123
330
17
100
AcDbEntity
  8
2OG_20_Fenster
100
AcDbLine
 10
8.6
 20
9.0
 30
0.0
 11
9.8
 21
9.0
 31
0.0
  0
LINE
  5
124
330
17
100
AcDbEntity
  8
2OG_20_Fenster
100
AcDbLine
 10
8.6
 20
8.5
 30
0.0
 11
9.8
 21
8.5
 31
0.0
  0
LINE
  5
125
330
17
100
AcDbEntity
  8
2OG_20_Fenster
100
AcDbLine
 10
8.6
 20
8.9
 30
0.0
 11
9.8
 21
8.9
 31
0.0
  0
LINE
  5
126
330
17
100
AcDbEntity
  8
2OG_20_Fenster
100
AcDbLine
 10
8.6
 20
8.6
 30
0.0
 11
9.8
 21
8.6
 31
0.0
  0
LINE
  5
127
330
17
100
AcDbEntity
  8
2OG_20_Fenster
100
AcDbLine
 10
8.55
 20
8.5
 30
0.0
 11
8.55
 21
8.45
 31
0.0
  0
LINE
  5
128
330
17
100
AcDbEntity
  8
2OG_20_Fenster
100
AcDbLine
 10
8.55
 20
8.45
 30
0.0
 11
9.85
 21
8.45
 31
0.0
  0
LINE
  5
129
330
17
100
AcDbEntity
  8
2OG_20_Fenster
100
AcDbLine
 10
9.85
 20
8.45
 30
0.0
 11
9.85
 21
8.5
 31
0.0
  0
LINE
  5
12A
330
17
100
AcDbEntity
  8
2OG_20_Fenster
100
AcDbLine
 10
1.2
 20
-0.5
 30
0.0
 11
2.4
 21
-0.5
 31
0.0
  0
LINE
  5
12B
330
17
100
AcDbEntity
  8
2OG_20_Fenster
100
AcDbLine
 10
1.2
 20
0.0
 30
0.0
 11
2.4
 21
0.0
 31
0.0
  0
LINE
  5
12C
330
17
100
AcDbEntity
  8
2OG_20_Fenster
100
AcDbLine
 10
1.2
 20
-0.4
 30
0.0
 11
2.4
 21
-0.4
 31
0.0
  0
LINE
  5
12D
330
17
100
AcDbEntity
  8
2OG_20_Fenster
100
AcDbLine
 10
1.2
 20
-0.1
 30
0.0
 11
2.4
 21
-0.1
 31
0.0
  0
LINE
  5
12E
330
17
100
AcDbEntity
  8
2OG_20_Fenster
100
AcDbLine
 10
1.15
 20
0.0
 30
0.0
 11
1.15
 21
0.05
 31
0.0
  0
LINE
  5
12F
330
17
100
AcDbEntity
  8
2OG_20_Fenster
100
AcDbLine
 10
1.15
 20
0.05
 30
0.0
 11
2.45
 21
0.05
 31
0.0
  0
LINE
  5
130
330
17
100
AcDbEntity
  8
2OG_20_Fenster
100
AcDbLine
 10
2.45
 20
0.05
 30
0.0
 11
2.45
 21
0.0
 31
0.0
  0
LINE
  5
131
330
17
100
AcDbEntity
  8
2OG_20_Fenster
100
AcDbLine
 10
11.0
 20
3.1
 30
0.0
 11
11.0
 21
4.0
 31
0.0
  0
LINE
  5
132
330
17
100
AcDbEntity
  8
2OG_20_Fenster
100
AcDbLine
 10
10.5
 20
3.1
 30
0.0
 11
10.5
 21
4.0
 31
0.0
  0
LINE
  5
133
330
17
100
AcDbEntity
  8
2OG_20_Fenster
100
AcDbLine
 10
10.9
 20
3.1
 30
0.0
 11
10.9
 21
4.0
 31
0.0
  0
LINE
  5
134
330
17
100
AcDbEntity
  8
2OG_20_Fenster
100
AcDbLine
 10
10.6
 20
3.1
 30
0.0
 11
10.6
 21
4.0
 31
0.0
  0
LINE
  5
135
330
17
100
AcDbEntity
  8
2OG_20_Fenster
100
AcDbLine
 10
10.5
 20
3.05
 30
0.0
 11
10.45
 21
3.05
 31
0.0
  0
LINE
  5
136
330
17
100
AcDbEntity
  8
2OG_20_Fenster
100
AcDbLine
 10
10.45
 20
3.05
 30
0.0
 11
10.45
 21
4.05
 31
0.0
  0
LINE
  5
137
330
17
100
AcDbEntity
  8
2OG_20_Fenster
100
AcDbLine
 10
10.45
 20
4.05
 30
0.0
 11
10.5
 21
4.05
 31
0.0
  0
LINE
  5
138
330
17
100
AcDbEntity
  8
2OG_20_Fenster
100
AcDbLine
 10
11.0
 20
1.6
 30
0.0
 11
11.0
 21
2.2
 31
0.0
  0
LINE
  5
139
330
17
100
AcDbEntity
  8
2OG_20_Fenster
100
AcDbLine
 10
10.5
 20
1.6
 30
0.0
 11
10.5
 21
2.2
 31
0.0
  0
LINE
  5
13A
330
17
100
AcDbEntity
  8
2OG_20_Fenster
100
AcDbLine
 10
10.9
 20
1.6
 30
0.0
 11
10.9
 21
2.2
 31
0.0
  0
LINE
  5
13B
330
17
100
AcDbEntity
  8
2OG_20_Fenster
100
AcDbLine
 10
10.6
 20
1.6
 30
0.0
 11
10.6
 21
2.2
 31
0.0
  0
LINE
  5
13C
330
17
100
AcDbEntity
  8
2OG_20_Fenster
100
AcDbLine
 10
10.5
 20
1.55
 30
0.0
 11
10.45
 21
1.55
 31
0.0
  0
LINE
  5
13D
330
17
100
AcDbEntity
  8
2OG_20_Fenster
100
AcDbLine
 10
10.45
 20
1.55
 30
0.0
 11
10.45
 21
2.25
 31
0.0
  0
LINE
  5
13E
330
17
100
AcDbEntity
  8
2OG_20_Fenster
100
AcDbLine
 10
10.45
 20
2.25
 30
0.0
 11
10.5
 21
2.25
 31
0.0
  0
LWPOLYLINE
  5
13F
330
17
100
AcDbEntity
  8
2OG_32_Kuecheneinrichtung
100
AcDbPolyline
 90
4
 70
1
 10
0.0
 20
0.3
 10
0.6
 20
0.3
 10
0.6
 20
3.9
 10
0.0
 20
3.9
  0
LWPOLYLINE
  5
140
330
17
100
AcDbEntity
  8
2OG_32_Kuecheneinrichtung
100
AcDbPolyline
 90
4
 70
1
 10
0.08
 20
1.0
 10
0.52
 20
1.0
 10
0.52
 20
1.5
 10
0.08
 20
1.5
  0
LWPOLYLINE
  5
141
330
17
100
AcDbEntity
  8
2OG_32_Kuecheneinrichtung
100
AcDbPolyline
 90
4
 70
1
 10
0.14
 20
1.06
 10
0.46
 20
1.06
 10
0.46
 20
1.44
 10
0.14
 20
1.44
  0
CIRCLE
  5
142
330
17
100
AcDbEntity
  8
2OG_32_Kuecheneinrichtung
100
AcDbCircle
 10
0.15
 20
2.45
 30
0.0
 40
0.09
  0
CIRCLE
  5
143
330
17
100
AcDbEntity
  8
2OG_32_Kuecheneinrichtung
100
AcDbCircle
 10
0.15
 20
2.75
 30
0.0
 40
0.09
  0
CIRCLE
  5
144
330
17
100
AcDbEntity
  8
2OG_32_Kuecheneinrichtung
100
AcDbCircle
 10
0.45
 20
2.45
 30
0.0
 40
0.09
  0
CIRCLE
  5
145
330
17
100
AcDbEntity
  8
2OG_32_Kuecheneinrichtung
100
AcDbCircle
 10
0.45
 20
2.75
 30
0.0
 40
0.09
  0
LWPOLYLINE
  5
146
330
17
100
AcDbEntity
  8
2OG_30_Moeblierung
100
AcDbPolyline
 90
4
 70
1
 10
1.4
 20
1.3
 10
2.4
 20
1.3
 10
2.4
 20
2.1
 10
1.4
 20
2.1
  0
LWPOLYLINE
  5
147
330
17
100
AcDbEntity
  8
2OG_31_Sanitaereinrichtung
100
AcDbPolyline
 90
4
 70
1
 10
8.75
 20
3.7
 10
10.45
 20
3.7
 10
10.45
 20
4.45
 10
8.75
 20
4.45
  0
LWPOLYLINE
  5
148
330
17
100
AcDbEntity
  8
2OG_31_Sanitaereinrichtung
100
AcDbPolyline
 90
4
 70
1
 10
8.81
 20
3.76
 10
10.39
 20
3.76
 10
10.39
 20
4.39
 10
8.81
 20
4.39
  0
LWPOLYLINE
  5
149
330
17
100
AcDbEntity
  8
2OG_31_Sanitaereinrichtung
100
AcDbPolyline
 90
4
 70
1
 10
7.6
 20
4.0
 10
8.2
 20
4.0
 10
8.2
 20
4.45
 10
7.6
 20
4.45
  0
ELLIPSE
  5
14A
330
17
100
AcDbEntity
  8
2OG_31_Sanitaereinrichtung
100
AcDbEllipse
 10
7.9
 20
4.225
 30
0.0
 11
0.18
 21
0.0
 31
0.0
 40
0.75
 41
0.0
 42
6.283185307179586
  0
LWPOLYLINE
  5
14B
330
17
100
AcDbEntity
  8
2OG_31_Sanitaereinrichtung
100
AcDbPolyline
 90
4
 70
1
 10
9.85
 20
1.72
 10
10.5
 20
1.72
 10
10.5
 20
2.12
 10
9.85
 20
2.12
  0
LINE
  5
14C
330
17
100
AcDbEntity
  8
2OG_31_Sanitaereinrichtung
100
AcDbLine
 10
10.32
 20
1.72
 30
0.0
 11
10.32
 21
2.12
 31
0.0
  0
ELLIPSE
  5
14D
330
17
100
AcDbEntity
  8
2OG_31_Sanitaereinrichtung
100
AcDbEllipse
 10
10.085
 20
1.92
 30
0.0
 11
0.205
 21
0.0
 31
0.0
 40
0.829268
 41
0.0
 42
6.283185307179586
  0
LWPOLYLINE
  5
14E
330
17
100
AcDbEntity
  8
2OG_31_Sanitaereinrichtung
100
AcDbPolyline
 90
4
 70
1
 10
7.5
 20
2.27
 10
7.9
 20
2.27
 10
7.9
 20
2.57
 10
7.5
 20
2.57
  0
ELLIPSE
  5
14F
330
17
100
AcDbEntity
  8
2OG_31_Sanitaereinrichtung
100
AcDbEllipse
 10
7.7
 20
2.42
 30
0.0
 11
0.12
 21
0.0
 31
0.0
 40
0.75
 41
0.0
 42
6.283185307179586
  0
LWPOLYLINE
  5
150
330
17
100
AcDbEntity
  8
2OG_30_Moeblierung
100
AcDbPolyline
 90
4
 70
1
 10
0.1
 20
5.8
 10
1.0
 20
5.8
 10
1.0
 20
8.0
 10
0.1
 20
8.0
  0
LWPOLYLINE
  5
151
330
17
100
AcDbEntity
  8
2OG_30_Moeblierung
100
AcDbPolyline
 90
4
 70
1
 10
1.3
 20
6.4
 10
1.9
 20
6.4
 10
1.9
 20
7.4
 10
1.3
 20
7.4
  0
LWPOLYLINE
  5
152
330
17
100
AcDbEntity
  8
2OG_30_Moeblierung
100
AcDbPolyline
 90
4
 70
1
 10
3.5
 20
7.2
 10
4.7
 20
7.2
 10
4.7
 20
8.1
 10
3.5
 20
8.1
  0
LWPOLYLINE
  5
153
330
17
100
AcDbEntity
  8
2OG_30_Moeblierung
100
AcDbPolyline
 90
4
 70
1
 10
8.5
 20
5.9
 10
10.5
 20
5.9
 10
10.5
 20
7.7
 10
8.5
 20
7.7
  0
LWPOLYLINE
  5
154
330
17
100
AcDbEntity
  8
2OG_30_Moeblierung
100
AcDbPolyline
 90
4
 70
1
 10
10.05
 20
6.0
 10
10.45
 20
6.0
 10
10.45
 20
6.75
 10
10.05
 20
6.75
  0
LWPOLYLINE
  5
155
330
17
100
AcDbEntity
  8
2OG_30_Moeblierung
100
AcDbPolyline
 90
4
 70
1
 10
10.05
 20
6.85
 10
10.45
 20
6.85
 10
10.45
 20
7.6
 10
10.05
 20
7.6
  0
LWPOLYLINE
  5
156
330
17
100
AcDbEntity
  8
2OG_30_Moeblierung
100
AcDbPolyline
 90
4
 70
1
 10
5.7
 20
6.12
 10
6.3
 20
6.12
 10
6.3
 20
7.82
 10
5.7
 20
7.82
  0
LWPOLYLINE
  5
157
330
17
100
AcDbEntity
  8
2OG_30_Moeblierung
100
AcDbPolyline
 90
4
 70
1
 10
9.5
 20
0.05
 10
10.45
 20
0.05
 10
10.45
 20
0.45
 10
9.5
 20
0.45
  0
LWPOLYLINE
  5
158
330
17
100
AcDbEntity
  8
2OG_40_Zonen
100
AcDbPolyline
 90
4
 70
1
 10
6.62
 20
0.0
 10
6.62
 20
4.5
 10
3.62
 20
4.5
 10
3.62
 20
0.0
  0
MTEXT
  5
159
330
17
100
AcDbEntity
  8
2OG_41_Raumstempel
100
AcDbMText
 10
5.12
 20
2.25
 30
0.0
 40
0.2
 71
5
  1
Vorraum\P13,50 m²
 44
1.2
  0
TEXT
  5
15A
330
17
100
AcDbEntity
  8
2OG_60_Decke
100
AcDbText
 10
5.12
 20
1.8
 30
0.0
 40
0.16000000000000003
  1
RH 3,20 m
 72
1
 11
5.12
 21
1.8
 31
0.0
100
AcDbText
 73
2
  0
LWPOLYLINE
  5
15B
330
17
100
AcDbEntity
  8
2OG_40_Zonen
100
AcDbPolyline
 90
4
 70
1
 10
5.5
 20
4.75
 10
5.5
 20
8.5
 10
0.0
 20
8.5
 10
0.0
 20
4.75
  0
MTEXT
  5
15C
330
17
100
AcDbEntity
  8
2OG_41_Raumstempel
100
AcDbMText
 10
2.75
 20
6.625
 30
0.0
 40
0.2
 71
5
  1
Wohnzimmer\P20,62 m²
 44
1.2
  0
TEXT
  5
15D
330
17
100
AcDbEntity
  8
2OG_60_Decke
100
AcDbText
 10
2.75
 20
6.175
 30
0.0
 40
0.16000000000000003
  1
RH 3,20 m
 72
1
 11
2.75
 21
6.175
 31
0.0
100
AcDbText
 73
2
  0
LWPOLYLINE
  5
15E
330
17
100
AcDbEntity
  8
2OG_40_Zonen
100
AcDbPolyline
 90
4
 70
1
 10
10.5
 20
4.75
 10
10.5
 20
8.5
 10
5.62
 20
8.5
 10
5.62
 20
4.75
  0
MTEXT
  5
15F
330
17
100
AcDbEntity
  8
2OG_41_Raumstempel
100
AcDbMText
 10
7.4
 20
6.9
 30
0.0
 40
0.2
 71
5
  1
Schlafzimmer\P18,30 m²
 44
1.2
  0
TEXT
  5
160
330
17
100
AcDbEntity
  8
2OG_60_Decke
100
AcDbText
 10
7.4
 20
6.45
 30
0.0
 40
0.16000000000000003
  1
RH 3,20 m
 72
1
 11
7.4
 21
6.45
 31
0.0
100
AcDbText
 73
2
  0
LWPOLYLINE
  5
161
330
17
100
AcDbEntity
  8
2OG_40_Zonen
100
AcDbPolyline
 90
4
 70
1
 10
3.5
 20
0.0
 10
3.5
 20
4.5
 10
0.0
 20
4.5
 10
0.0
 20
0.0
  0
MTEXT
  5
162
330
17
100
AcDbEntity
  8
2OG_41_Raumstempel
100
AcDbMText
 10
2.1
 20
3.0
 30
0.0
 40
0.2
 71
5
  1
Küche\P15,75 m²
 44
1.2
  0
TEXT
  5
163
330
17
100
AcDbEntity
  8
2OG_60_Decke
100
AcDbText
 10
2.1
 20
2.55
 30
0.0
 40
0.16000000000000003
  1
RH 3,20 m
 72
1
 11
2.1
 21
2.55
 31
0.0
100
AcDbText
 73
2
  0
LWPOLYLINE
  5
164
330
17
100
AcDbEntity
  8
2OG_40_Zonen
100
AcDbPolyline
 90
4
 70
1
 10
10.5
 20
2.74
 10
10.5
 20
4.5
 10
6.74
 20
4.5
 10
6.74
 20
2.74
  0
MTEXT
  5
165
330
17
100
AcDbEntity
  8
2OG_41_Raumstempel
100
AcDbMText
 10
8.0
 20
3.4
 30
0.0
 40
0.2
 71
5
  1
Bad\P6,62 m²
 44
1.2
  0
TEXT
  5
166
330
17
100
AcDbEntity
  8
2OG_60_Decke
100
AcDbText
 10
8.0
 20
2.95
 30
0.0
 40
0.16000000000000003
  1
RH 3,20 m
 72
1
 11
8.0
 21
2.95
 31
0.0
100
AcDbText
 73
2
  0
LWPOLYLINE
  5
167
330
17
100
AcDbEntity
  8
2OG_40_Zonen
100
AcDbPolyline
 90
4
 70
1
 10
10.5
 20
1.22
 10
10.5
 20
2.62
 10
6.74
 20
2.62
 10
6.74
 20
1.22
  0
MTEXT
  5
168
330
17
100
AcDbEntity
  8
2OG_41_Raumstempel
100
AcDbMText
 10
8.2
 20
1.92
 30
0.0
 40
0.2
 71
5
  1
WC\P5,26 m²
 44
1.2
  0
TEXT
  5
169
330
17
100
AcDbEntity
  8
2OG_60_Decke
100
AcDbText
 10
8.2
 20
1.47
 30
0.0
 40
0.16000000000000003
  1
RH 3,20 m
 72
1
 11
8.2
 21
1.47
 31
0.0
100
AcDbText
 73
2
  0
LWPOLYLINE
  5
16A
330
17
100
AcDbEntity
  8
2OG_40_Zonen
100
AcDbPolyline
 90
4
 70
1
 10
10.5
 20
0.0
 10
10.5
 20
1.1
 10
6.74
 20
1.1
 10
6.74
 20
0.0
  0
MTEXT
  5
16B
330
17
100
AcDbEntity
  8
2OG_41_Raumstempel
100
AcDbMText
 10
8.62
 20
0.55
 30
0.0
 40
0.2
 71
5
  1
Abstellraum\P4,14 m²
 44
1.2
  0
TEXT
  5
16C
330
17
100
AcDbEntity
  8
2OG_60_Decke
100
AcDbText
 10
8.62
 20
0.1
 30
0.0
 40
0.16000000000000003
  1
RH 3,20 m
 72
1
 11
8.62
 21
0.1
 31
0.0
100
AcDbText
 73
2
  0
CIRCLE
  5
16D
330
17
100
AcDbEntity
  8
2OG_60_Decke
100
AcDbCircle
 10
2.75
 20
7.6
 30
0.0
 40
0.35
  0
CIRCLE
  5
16E
330
17
100
AcDbEntity
  8
2OG_60_Decke
100
AcDbCircle
 10
8.0
 20
8.0
 30
0.0
 40
0.3
  0
DIMENSION
  5
16F
330
17
100
AcDbEntity
  8
2OG_50_Bemassung
100
AcDbDimension
280
0
  2
*D1
  3
EZ_M_100_H25_CM
 10
-0.5
 20
-1.4
 30
0.0
 11
5.25
 21
-1.1749999999999998
 31
0.0
 70
32
 71
5
  1
<>
100
AcDbAlignedDimension
 13
-0.5
 23
-0.5
 33
0.0
 14
11.0
 24
-0.5
 34
0.0
 50
0.0
100
AcDbRotatedDimension
  0
DIMENSION
  5
182
330
17
100
AcDbEntity
  8
2OG_50_Bemassung
100
AcDbDimension
280
0
  2
*D2
  3
EZ_M_100_H25_CM
 10
-1.4
 20
-0.5
 30
0.0
 11
-1.625
 21
4.25
 31
0.0
 70
32
 71
5
  1
<>
100
AcDbAlignedDimension
 13
-0.5
 23
-0.5
 33
0.0
 14
-0.5
 24
9.0
 34
0.0
 50
90.0
100
AcDbRotatedDimension
  0
DIMENSION
  5
191
330
17
100
AcDbEntity
  8
2OG_50_Bemassung
100
AcDbDimension
280
0
  2
*D3
  3
EZ_M_100_H25_CM
 10
0.0
 20
-0.5
 30
0.0
 11
1.75
 21
-0.275
 31
0.0
 70
32
 71
5
  1
<>
100
AcDbAlignedDimension
 13
0.0
 23
0.0
 33
0.0
 14
3.5
 24
0.0
 34
0.0
 50
0.0
100
AcDbRotatedDimension
  0
DIMENSION
  5
1A0
330
17
100
AcDbEntity
  8
2OG_50_Bemassung
100
AcDbDimension
280
0
  2
*D4
  3
EZ_M_100_H25_CM
 10
3.62
 20
-0.5
 30
0.0
 11
5.12
 21
-0.275
 31
0.0
 70
32
 71
5
  1
<>
100
AcDbAlignedDimension
 13
3.62
 23
0.0
 33
0.0
 14
6.62
 24
0.0
 34
0.0
 50
0.0
100
AcDbRotatedDimension
  0
DIMENSION
  5
1AF
330
17
100
AcDbEntity
  8
2OG_50_Bemassung
100
AcDbDimension
280
0
  2
*D5
  3
EZ_M_100_H25_CM
 10
6.74
 20
-0.5
 30
0.0
 11
8.620000000000001
 21
-0.275
 31
0.0
 70
32
 71
5
  1
<>
100
AcDbAlignedDimension
 13
6.74
 23
0.0
 33
0.0
 14
10.5
 24
0.0
 34
0.0
 50
0.0
100
AcDbRotatedDimension
  0
INSERT
  5
269
330
17
100
AcDbEntity
  8
E_Verteiler
100
AcDbBlockReference
 66
1
  2
E_SYM_VT
 10
6.52
 20
1.25
 30
0.0
 41
0.1
 42
0.1
 43
0.1
 50
90.0
  0
ATTRIB
  5
26B
330
17
100
AcDbEntity
  8
0
100
AcDbText
 10
6.699999999999999
 20
1.25
 30
0.0
 40
0.15000000000000002
  1
VT
 50
90.0
 11
6.699999999999999
 21
1.25
 31
0.0
100
AcDbAttribute
  2
CODE
 70
1
 71
1
 72
0
 11
6.699999999999999
 21
1.25
 31
0.0
  0
ATTRIB
  5
26C
330
17
100
AcDbEntity
  8
0
100
AcDbText
 10
6.88
 20
1.25
 30
0.0
 40
0.15000000000000002
  1
Verteiler
 50
90.0
 11
6.88
 21
1.25
 31
0.0
100
AcDbAttribute
  2
NAME_DE
 70
1
 71
1
 72
0
 11
6.88
 21
1.25
 31
0.0
  0
ATTRIB
  5
26D
330
17
100
AcDbEntity
  8
0
100
AcDbText
 10
7.06
 20
1.25
 30
0.0
 40
0.15000000000000002
  1
2OG-R1
 50
90.0
 11
7.06
 21
1.25
 31
0.0
100
AcDbAttribute
  2
ROOM
 70
1
 71
1
 72
0
 11
7.06
 21
1.25
 31
0.0
  0
ATTRIB
  5
26E
330
17
100
AcDbEntity
  8
0
100
AcDbText
 10
7.239999999999999
 20
1.25
 30
0.0
 40
0.15000000000000002
  1
false
 50
90.0
 11
7.239999999999999
 21
1.25
 31
0.0
100
AcDbAttribute
  2
VERIFIED
 70
1
 71
1
 72
0
 11
7.239999999999999
 21
1.25
 31
0.0
  0
ATTRIB
  5
26F
330
17
100
AcDbEntity
  8
0
100
AcDbText
 10
7.42
 20
1.25
 30
0.0
 40
0.15000000000000002
  1
s1
 50
90.0
 11
7.42
 21
1.25
 31
0.0
100
AcDbAttribute
  2
SYMBOL_ID
 70
1
 71
1
 72
0
 11
7.42
 21
1.25
 31
0.0
  0
SEQEND
  5
26A
330
269
100
AcDbEntity
  8
E_Verteiler
  0
INSERT
  5
270
330
17
100
AcDbEntity
  8
E_Licht
100
AcDbBlockReference
 66
1
  2
E_SYM_LD
 10
5.12
 20
2.25
 30
0.0
 41
0.1
 42
0.1
 43
0.1
  0
ATTRIB
  5
272
330
17
100
AcDbEntity
  8
0
100
AcDbText
 10
5.12
 20
2.07
 30
0.0
 40
0.15000000000000002
  1
LD
 11
5.12
 21
2.07
 31
0.0
100
AcDbAttribute
  2
CODE
 70
1
 71
1
 72
0
 11
5.12
 21
2.07
 31
0.0
  0
ATTRIB
  5
273
330
17
100
AcDbEntity
  8
0
100
AcDbText
 10
5.12
 20
1.8900000000000001
 30
0.0
 40
0.15000000000000002
  1
Deckenleuchte
 11
5.12
 21
1.8900000000000001
 31
0.0
100
AcDbAttribute
  2
NAME_DE
 70
1
 71
1
 72
0
 11
5.12
 21
1.8900000000000001
 31
0.0
  0
ATTRIB
  5
274
330
17
100
AcDbEntity
  8
0
100
AcDbText
 10
5.12
 20
1.71
 30
0.0
 40
0.15000000000000002
  1
2OG-R1
 11
5.12
 21
1.71
 31
0.0
100
AcDbAttribute
  2
ROOM
 70
1
 71
1
 72
0
 11
5.12
 21
1.71
 31
0.0
  0
ATTRIB
  5
275
330
17
100
AcDbEntity
  8
0
100
AcDbText
 10
5.12
 20
1.53
 30
0.0
 40
0.15000000000000002
  1
false
 11
5.12
 21
1.53
 31
0.0
100
AcDbAttribute
  2
VERIFIED
 70
1
 71
1
 72
0
 11
5.12
 21
1.53
 31
0.0
  0
ATTRIB
  5
276
330
17
100
AcDbEntity
  8
0
100
AcDbText
 10
5.12
 20
1.35
 30
0.0
 40
0.15000000000000002
  1
s2
 11
5.12
 21
1.35
 31
0.0
100
AcDbAttribute
  2
SYMBOL_ID
 70
1
 71
1
 72
0
 11
5.12
 21
1.35
 31
0.0
  0
SEQEND
  5
271
330
270
100
AcDbEntity
  8
E_Licht
  0
INSERT
  5
277
330
17
100
AcDbEntity
  8
E_Sicherheit
100
AcDbBlockReference
 66
1
  2
E_SYM_RM
 10
5.72
 20
2.25
 30
0.0
 41
0.1
 42
0.1
 43
0.1
  0
ATTRIB
  5
279
330
17
100
AcDbEntity
  8
0
100
AcDbText
 10
5.72
 20
2.07
 30
0.0
 40
0.15000000000000002
  1
RM
 11
5.72
 21
2.07
 31
0.0
100
AcDbAttribute
  2
CODE
 70
1
 71
1
 72
0
 11
5.72
 21
2.07
 31
0.0
  0
ATTRIB
  5
27A
330
17
100
AcDbEntity
  8
0
100
AcDbText
 10
5.72
 20
1.8900000000000001
 30
0.0
 40
0.15000000000000002
  1
Rauchwarnmelder
 11
5.72
 21
1.8900000000000001
 31
0.0
100
AcDbAttribute
  2
NAME_DE
 70
1
 71
1
 72
0
 11
5.72
 21
1.8900000000000001
 31
0.0
  0
ATTRIB
  5
27B
330
17
100
AcDbEntity
  8
0
100
AcDbText
 10
5.72
 20
1.71
 30
0.0
 40
0.15000000000000002
  1
2OG-R1
 11
5.72
 21
1.71
 31
0.0
100
AcDbAttribute
  2
ROOM
 70
1
 71
1
 72
0
 11
5.72
 21
1.71
 31
0.0
  0
ATTRIB
  5
27C
330
17
100
AcDbEntity
  8
0
100
AcDbText
 10
5.72
 20
1.53
 30
0.0
 40
0.15000000000000002
  1
false
 11
5.72
 21
1.53
 31
0.0
100
AcDbAttribute
  2
VERIFIED
 70
1
 71
1
 72
0
 11
5.72
 21
1.53
 31
0.0
  0
ATTRIB
  5
27D
330
17
100
AcDbEntity
  8
0
100
AcDbText
 10
5.72
 20
1.35
 30
0.0
 40
0.15000000000000002
  1
s3
 11
5.72
 21
1.35
 31
0.0
100
AcDbAttribute
  2
SYMBOL_ID
 70
1
 71
1
 72
0
 11
5.72
 21
1.35
 31
0.0
  0
SEQEND
  5
278
330
277
100
AcDbEntity
  8
E_Sicherheit
  0
INSERT
  5
27E
330
17
100
AcDbEntity
  8
E_Schalter
100
AcDbBlockReference
 66
1
  2
E_SYM_SW
 10
5.05
 20
4.4
 30
0.0
 41
0.1
 42
0.1
 43
0.1
  0
ATTRIB
  5
280
330
17
100
AcDbEntity
  8
0
100
AcDbText
 10
5.05
 20
4.220000000000001
 30
0.0
 40
0.15000000000000002
  1
SW
 11
5.05
 21
4.220000000000001
 31
0.0
100
AcDbAttribute
  2
CODE
 70
1
 71
1
 72
0
 11
5.05
 21
4.220000000000001
 31
0.0
  0
ATTRIB
  5
281
330
17
100
AcDbEntity
  8
0
100
AcDbText
 10
5.05
 20
4.04
 30
0.0
 40
0.15000000000000002
  1
Wechselschalter
 11
5.05
 21
4.04
 31
0.0
100
AcDbAttribute
  2
NAME_DE
 70
1
 71
1
 72
0
 11
5.05
 21
4.04
 31
0.0
  0
ATTRIB
  5
282
330
17
100
AcDbEntity
  8
0
100
AcDbText
 10
5.05
 20
3.8600000000000003
 30
0.0
 40
0.15000000000000002
  1
2OG-R1
 11
5.05
 21
3.8600000000000003
 31
0.0
100
AcDbAttribute
  2
ROOM
 70
1
 71
1
 72
0
 11
5.05
 21
3.8600000000000003
 31
0.0
  0
ATTRIB
  5
283
330
17
100
AcDbEntity
  8
0
100
AcDbText
 10
5.05
 20
3.6800000000000006
 30
0.0
 40
0.15000000000000002
  1
false
 11
5.05
 21
3.6800000000000006
 31
0.0
100
AcDbAttribute
  2
VERIFIED
 70
1
 71
1
 72
0
 11
5.05
 21
3.6800000000000006
 31
0.0
  0
ATTRIB
  5
284
330
17
100
AcDbEntity
  8
0
100
AcDbText
 10
5.05
 20
3.5000000000000004
 30
0.0
 40
0.15000000000000002
  1
s4
 11
5.05
 21
3.5000000000000004
 31
0.0
100
AcDbAttribute
  2
SYMBOL_ID
 70
1
 71
1
 72
0
 11
5.05
 21
3.5000000000000004
 31
0.0
  0
SEQEND
  5
27F
330
27E
100
AcDbEntity
  8
E_Schalter
  0
INSERT
  5
285
330
17
100
AcDbEntity
  8
E_Schalter
100
AcDbBlockReference
 66
1
  2
E_SYM_SW
 10
5.57
 20
4.4
 30
0.0
 41
0.1
 42
0.1
 43
0.1
  0
ATTRIB
  5
287
330
17
100
AcDbEntity
  8
0
100
AcDbText
 10
5.57
 20
4.220000000000001
 30
0.0
 40
0.15000000000000002
  1
SW
 11
5.57
 21
4.220000000000001
 31
0.0
100
AcDbAttribute
  2
CODE
 70
1
 71
1
 72
0
 11
5.57
 21
4.220000000000001
 31
0.0
  0
ATTRIB
  5
288
330
17
100
AcDbEntity
  8
0
100
AcDbText
 10
5.57
 20
4.04
 30
0.0
 40
0.15000000000000002
  1
Wechselschalter
 11
5.57
 21
4.04
 31
0.0
100
AcDbAttribute
  2
NAME_DE
 70
1
 71
1
 72
0
 11
5.57
 21
4.04
 31
0.0
  0
ATTRIB
  5
289
330
17
100
AcDbEntity
  8
0
100
AcDbText
 10
5.57
 20
3.8600000000000003
 30
0.0
 40
0.15000000000000002
  1
2OG-R1
 11
5.57
 21
3.8600000000000003
 31
0.0
100
AcDbAttribute
  2
ROOM
 70
1
 71
1
 72
0
 11
5.57
 21
3.8600000000000003
 31
0.0
  0
ATTRIB
  5
28A
330
17
100
AcDbEntity
  8
0
100
AcDbText
 10
5.57
 20
3.6800000000000006
 30
0.0
 40
0.15000000000000002
  1
false
 11
5.57
 21
3.6800000000000006
 31
0.0
100
AcDbAttribute
  2
VERIFIED
 70
1
 71
1
 72
0
 11
5.57
 21
3.6800000000000006
 31
0.0
  0
ATTRIB
  5
28B
330
17
100
AcDbEntity
  8
0
100
AcDbText
 10
5.57
 20
3.5000000000000004
 30
0.0
 40
0.15000000000000002
  1
s5
 11
5.57
 21
3.5000000000000004
 31
0.0
100
AcDbAttribute
  2
SYMBOL_ID
 70
1
 71
1
 72
0
 11
5.57
 21
3.5000000000000004
 31
0.0
  0
SEQEND
  5
286
330
285
100
AcDbEntity
  8
E_Schalter
  0
INSERT
  5
28C
330
17
100
AcDbEntity
  8
E_Schalter
100
AcDbBlockReference
 66
1
  2
E_SYM_SK
 10
3.85
 20
2.65
 30
0.0
 41
0.1
 42
0.1
 43
0.1
  0
ATTRIB
  5
28E
330
17
100
AcDbEntity
  8
0
100
AcDbText
 10
3.85
 20
2.4699999999999998
 30
0.0
 40
0.15000000000000002
  1
SK
 11
3.85
 21
2.4699999999999998
 31
0.0
100
AcDbAttribute
  2
CODE
 70
1
 71
1
 72
0
 11
3.85
 21
2.4699999999999998
 31
0.0
  0
ATTRIB
  5
28F
330
17
100
AcDbEntity
  8
0
100
AcDbText
 10
3.85
 20
2.29
 30
0.0
 40
0.15000000000000002
  1
Kreuzschalter
 11
3.85
 21
2.29
 31
0.0
100
AcDbAttribute
  2
NAME_DE
 70
1
 71
1
 72
0
 11
3.85
 21
2.29
 31
0.0
  0
ATTRIB
  5
290
330
17
100
AcDbEntity
  8
0
100
AcDbText
 10
3.85
 20
2.11
 30
0.0
 40
0.15000000000000002
  1
2OG-R1
 11
3.85
 21
2.11
 31
0.0
100
AcDbAttribute
  2
ROOM
 70
1
 71
1
 72
0
 11
3.85
 21
2.11
 31
0.0
  0
ATTRIB
  5
291
330
17
100
AcDbEntity
  8
0
100
AcDbText
 10
3.85
 20
1.93
 30
0.0
 40
0.15000000000000002
  1
false
 11
3.85
 21
1.93
 31
0.0
100
AcDbAttribute
  2
VERIFIED
 70
1
 71
1
 72
0
 11
3.85
 21
1.93
 31
0.0
  0
ATTRIB
  5
292
330
17
100
AcDbEntity
  8
0
100
AcDbText
 10
3.85
 20
1.75
 30
0.0
 40
0.15000000000000002
  1
s6
 11
3.85
 21
1.75
 31
0.0
100
AcDbAttribute
  2
SYMBOL_ID
 70
1
 71
1
 72
0
 11
3.85
 21
1.75
 31
0.0
  0
SEQEND
  5
28D
330
28C
100
AcDbEntity
  8
E_Schalter
  0
INSERT
  5
293
330
17
100
AcDbEntity
  8
E_Schalter
100
AcDbBlockReference
 66
1
  2
E_SYM_SK
 10
6.39
 20
4.05
 30
0.0
 41
0.1
 42
0.1
 43
0.1
  0
ATTRIB
  5
295
330
17
100
AcDbEntity
  8
0
100
AcDbText
 10
6.39
 20
3.8699999999999997
 30
0.0
 40
0.15000000000000002
  1
SK
 11
6.39
 21
3.8699999999999997
 31
0.0
100
AcDbAttribute
  2
CODE
 70
1
 71
1
 72
0
 11
6.39
 21
3.8699999999999997
 31
0.0
  0
ATTRIB
  5
296
330
17
100
AcDbEntity
  8
0
100
AcDbText
 10
6.39
 20
3.69
 30
0.0
 40
0.15000000000000002
  1
Kreuzschalter
 11
6.39
 21
3.69
 31
0.0
100
AcDbAttribute
  2
NAME_DE
 70
1
 71
1
 72
0
 11
6.39
 21
3.69
 31
0.0
  0
ATTRIB
  5
297
330
17
100
AcDbEntity
  8
0
100
AcDbText
 10
6.39
 20
3.51
 30
0.0
 40
0.15000000000000002
  1
2OG-R1
 11
6.39
 21
3.51
 31
0.0
100
AcDbAttribute
  2
ROOM
 70
1
 71
1
 72
0
 11
6.39
 21
3.51
 31
0.0
  0
ATTRIB
  5
298
330
17
100
AcDbEntity
  8
0
100
AcDbText
 10
6.39
 20
3.33
 30
0.0
 40
0.15000000000000002
  1
false
 11
6.39
 21
3.33
 31
0.0
100
AcDbAttribute
  2
VERIFIED
 70
1
 71
1
 72
0
 11
6.39
 21
3.33
 31
0.0
  0
ATTRIB
  5
299
330
17
100
AcDbEntity
  8
0
100
AcDbText
 10
6.39
 20
3.15
 30
0.0
 40
0.15000000000000002
  1
s7
 11
6.39
 21
3.15
 31
0.0
100
AcDbAttribute
  2
SYMBOL_ID
 70
1
 71
1
 72
0
 11
6.39
 21
3.15
 31
0.0
  0
SEQEND
  5
294
330
293
100
AcDbEntity
  8
E_Schalter
  0
INSERT
  5
29A
330
17
100
AcDbEntity
  8
E_Schalter
100
AcDbBlockReference
 66
1
  2
E_SYM_SK
 10
6.39
 20
2.45
 30
0.0
 41
0.1
 42
0.1
 43
0.1
  0
ATTRIB
  5
29C
330
17
100
AcDbEntity
  8
0
100
AcDbText
 10
6.39
 20
2.27
 30
0.0
 40
0.15000000000000002
  1
SK
 11
6.39
 21
2.27
 31
0.0
100
AcDbAttribute
  2
CODE
 70
1
 71
1
 72
0
 11
6.39
 21
2.27
 31
0.0
  0
ATTRIB
  5
29D
330
17
100
AcDbEntity
  8
0
100
AcDbText
 10
6.39
 20
2.0900000000000003
 30
0.0
 40
0.15000000000000002
  1
Kreuzschalter
 11
6.39
 21
2.0900000000000003
 31
0.0
100
AcDbAttribute
  2
NAME_DE
 70
1
 71
1
 72
0
 11
6.39
 21
2.0900000000000003
 31
0.0
  0
ATTRIB
  5
29E
330
17
100
AcDbEntity
  8
0
100
AcDbText
 10
6.39
 20
1.9100000000000001
 30
0.0
 40
0.15000000000000002
  1
2OG-R1
 11
6.39
 21
1.9100000000000001
 31
0.0
100
AcDbAttribute
  2
ROOM
 70
1
 71
1
 72
0
 11
6.39
 21
1.9100000000000001
 31
0.0
  0
ATTRIB
  5
29F
330
17
100
AcDbEntity
  8
0
100
AcDbText
 10
6.39
 20
1.7300000000000002
 30
0.0
 40
0.15000000000000002
  1
false
 11
6.39
 21
1.7300000000000002
 31
0.0
100
AcDbAttribute
  2
VERIFIED
 70
1
 71
1
 72
0
 11
6.39
 21
1.7300000000000002
 31
0.0
  0
ATTRIB
  5
2A0
330
17
100
AcDbEntity
  8
0
100
AcDbText
 10
6.39
 20
1.5500000000000003
 30
0.0
 40
0.15000000000000002
  1
s8
 11
6.39
 21
1.5500000000000003
 31
0.0
100
AcDbAttribute
  2
SYMBOL_ID
 70
1
 71
1
 72
0
 11
6.39
 21
1.5500000000000003
 31
0.0
  0
SEQEND
  5
29B
330
29A
100
AcDbEntity
  8
E_Schalter
  0
INSERT
  5
2A1
330
17
100
AcDbEntity
  8
E_Schalter
100
AcDbBlockReference
 66
1
  2
E_SYM_SK
 10
6.39
 20
1.05
 30
0.0
 41
0.1
 42
0.1
 43
0.1
  0
ATTRIB
  5
2A3
330
17
100
AcDbEntity
  8
0
100
AcDbText
 10
6.39
 20
0.8700000000000001
 30
0.0
 40
0.15000000000000002
  1
SK
 11
6.39
 21
0.8700000000000001
 31
0.0
100
AcDbAttribute
  2
CODE
 70
1
 71
1
 72
0
 11
6.39
 21
0.8700000000000001
 31
0.0
  0
ATTRIB
  5
2A4
330
17
100
AcDbEntity
  8
0
100
AcDbText
 10
6.39
 20
0.6900000000000001
 30
0.0
 40
0.15000000000000002
  1
Kreuzschalter
 11
6.39
 21
0.6900000000000001
 31
0.0
100
AcDbAttribute
  2
NAME_DE
 70
1
 71
1
 72
0
 11
6.39
 21
0.6900000000000001
 31
0.0
  0
ATTRIB
  5
2A5
330
17
100
AcDbEntity
  8
0
100
AcDbText
 10
6.39
 20
0.5100000000000001
 30
0.0
 40
0.15000000000000002
  1
2OG-R1
 11
6.39
 21
0.5100000000000001
 31
0.0
100
AcDbAttribute
  2
ROOM
 70
1
 71
1
 72
0
 11
6.39
 21
0.5100000000000001
 31
0.0
  0
ATTRIB
  5
2A6
330
17
100
AcDbEntity
  8
0
100
AcDbText
 10
6.39
 20
0.33000000000000007
 30
0.0
 40
0.15000000000000002
  1
false
 11
6.39
 21
0.33000000000000007
 31
0.0
100
AcDbAttribute
  2
VERIFIED
 70
1
 71
1
 72
0
 11
6.39
 21
0.33000000000000007
 31
0.0
  0
ATTRIB
  5
2A7
330
17
100
AcDbEntity
  8
0
100
AcDbText
 10
6.39
 20
0.15000000000000002
 30
0.0
 40
0.15000000000000002
  1
s9
 11
6.39
 21
0.15000000000000002
 31
0.0
100
AcDbAttribute
  2
SYMBOL_ID
 70
1
 71
1
 72
0
 11
6.39
 21
0.15000000000000002
 31
0.0
  0
SEQEND
  5
2A2
330
2A1
100
AcDbEntity
  8
E_Schalter
  0
INSERT
  5
2A8
330
17
100
AcDbEntity
  8
E_Schalter
100
AcDbBlockReference
 66
1
  2
E_SYM_SK
 10
5.75
 20
0.15
 30
0.0
 41
0.1
 42
0.1
 43
0.1
  0
ATTRIB
  5
2AA
330
17
100
AcDbEntity
  8
0
100
AcDbText
 10
5.75
 20
-0.03
 30
0.0
 40
0.15000000000000002
  1
SK
 11
5.75
 21
-0.03
 31
0.0
100
AcDbAttribute
  2
CODE
 70
1
 71
1
 72
0
 11
5.75
 21
-0.03
 31
0.0
  0
ATTRIB
  5
2AB
330
17
100
AcDbEntity
  8
0
100
AcDbText
 10
5.75
 20
-0.21
 30
0.0
 40
0.15000000000000002
  1
Kreuzschalter
 11
5.75
 21
-0.21
 31
0.0
100
AcDbAttribute
  2
NAME_DE
 70
1
 71
1
 72
0
 11
5.75
 21
-0.21
 31
0.0
  0
ATTRIB
  5
2AC
330
17
100
AcDbEntity
  8
0
100
AcDbText
 10
5.75
 20
-0.3899999999999999
 30
0.0
 40
0.15000000000000002
  1
2OG-R1
 11
5.75
 21
-0.3899999999999999
 31
0.0
100
AcDbAttribute
  2
ROOM
 70
1
 71
1
 72
0
 11
5.75
 21
-0.3899999999999999
 31
0.0
  0
ATTRIB
  5
2AD
330
17
100
AcDbEntity
  8
0
100
AcDbText
 10
5.75
 20
-0.57
 30
0.0
 40
0.15000000000000002
  1
false
 11
5.75
 21
-0.57
 31
0.0
100
AcDbAttribute
  2
VERIFIED
 70
1
 71
1
 72
0
 11
5.75
 21
-0.57
 31
0.0
  0
ATTRIB
  5
2AE
330
17
100
AcDbEntity
  8
0
100
AcDbText
 10
5.75
 20
-0.75
 30
0.0
 40
0.15000000000000002
  1
s10
 11
5.75
 21
-0.75
 31
0.0
100
AcDbAttribute
  2
SYMBOL_ID
 70
1
 71
1
 72
0
 11
5.75
 21
-0.75
 31
0.0
  0
SEQEND
  5
2A9
330
2A8
100
AcDbEntity
  8
E_Schalter
  0
INSERT
  5
2AF
330
17
100
AcDbEntity
  8
E_Steckdosen
100
AcDbBlockReference
 66
1
  2
E_SYM_SS2
 10
6.52
 20
2.7
 30
0.0
 41
0.1
 42
0.1
 43
0.1
 50
90.0
  0
ATTRIB
  5
2B1
330
17
100
AcDbEntity
  8
0
100
AcDbText
 10
6.699999999999999
 20
2.7
 30
0.0
 40
0.15000000000000002
  1
SS2
 50
90.0
 11
6.699999999999999
 21
2.7
 31
0.0
100
AcDbAttribute
  2
CODE
 70
1
 71
1
 72
0
 11
6.699999999999999
 21
2.7
 31
0.0
  0
ATTRIB
  5
2B2
330
17
100
AcDbEntity
  8
0
100
AcDbText
 10
6.88
 20
2.7
 30
0.0
 40
0.15000000000000002
  1
Schutzkontakt-Steckdose 2-fach
 50
90.0
 11
6.88
 21
2.7
 31
0.0
100
AcDbAttribute
  2
NAME_DE
 70
1
 71
1
 72
0
 11
6.88
 21
2.7
 31
0.0
  0
ATTRIB
  5
2B3
330
17
100
AcDbEntity
  8
0
100
AcDbText
 10
7.06
 20
2.7
 30
0.0
 40
0.15000000000000002
  1
2OG-R1
 50
90.0
 11
7.06
 21
2.7
 31
0.0
100
AcDbAttribute
  2
ROOM
 70
1
 71
1
 72
0
 11
7.06
 21
2.7
 31
0.0
  0
ATTRIB
  5
2B4
330
17
100
AcDbEntity
  8
0
100
AcDbText
 10
7.239999999999999
 20
2.7
 30
0.0
 40
0.15000000000000002
  1
false
 50
90.0
 11
7.239999999999999
 21
2.7
 31
0.0
100
AcDbAttribute
  2
VERIFIED
 70
1
 71
1
 72
0
 11
7.239999999999999
 21
2.7
 31
0.0
  0
ATTRIB
  5
2B5
330
17
100
AcDbEntity
  8
0
100
AcDbText
 10
7.42
 20
2.7
 30
0.0
 40
0.15000000000000002
  1
s11
 50
90.0
 11
7.42
 21
2.7
 31
0.0
100
AcDbAttribute
  2
SYMBOL_ID
 70
1
 71
1
 72
0
 11
7.42
 21
2.7
 31
0.0
  0
SEQEND
  5
2B0
330
2AF
100
AcDbEntity
  8
E_Steckdosen
  0
INSERT
  5
2B6
330
17
100
AcDbEntity
  8
E_Steckdosen
100
AcDbBlockReference
 66
1
  2
E_SYM_SS2
 10
6.52
 20
4.2
 30
0.0
 41
0.1
 42
0.1
 43
0.1
 50
90.0
  0
ATTRIB
  5
2B8
330
17
100
AcDbEntity
  8
0
100
AcDbText
 10
6.699999999999999
 20
4.2
 30
0.0
 40
0.15000000000000002
  1
SS2
 50
90.0
 11
6.699999999999999
 21
4.2
 31
0.0
100
AcDbAttribute
  2
CODE
 70
1
 71
1
 72
0
 11
6.699999999999999
 21
4.2
 31
0.0
  0
ATTRIB
  5
2B9
330
17
100
AcDbEntity
  8
0
100
AcDbText
 10
6.88
 20
4.2
 30
0.0
 40
0.15000000000000002
  1
Schutzkontakt-Steckdose 2-fach
 50
90.0
 11
6.88
 21
4.2
 31
0.0
100
AcDbAttribute
  2
NAME_DE
 70
1
 71
1
 72
0
 11
6.88
 21
4.2
 31
0.0
  0
ATTRIB
  5
2BA
330
17
100
AcDbEntity
  8
0
100
AcDbText
 10
7.06
 20
4.2
 30
0.0
 40
0.15000000000000002
  1
2OG-R1
 50
90.0
 11
7.06
 21
4.2
 31
0.0
100
AcDbAttribute
  2
ROOM
 70
1
 71
1
 72
0
 11
7.06
 21
4.2
 31
0.0
  0
ATTRIB
  5
2BB
330
17
100
AcDbEntity
  8
0
100
AcDbText
 10
7.239999999999999
 20
4.2
 30
0.0
 40
0.15000000000000002
  1
false
 50
90.0
 11
7.239999999999999
 21
4.2
 31
0.0
100
AcDbAttribute
  2
VERIFIED
 70
1
 71
1
 72
0
 11
7.239999999999999
 21
4.2
 31
0.0
  0
ATTRIB
  5
2BC
330
17
100
AcDbEntity
  8
0
100
AcDbText
 10
7.42
 20
4.2
 30
0.0
 40
0.15000000000000002
  1
s12
 50
90.0
 11
7.42
 21
4.2
 31
0.0
100
AcDbAttribute
  2
SYMBOL_ID
 70
1
 71
1
 72
0
 11
7.42
 21
4.2
 31
0.0
  0
SEQEND
  5
2B7
330
2B6
100
AcDbEntity
  8
E_Steckdosen
  0
INSERT
  5
2BD
330
17
100
AcDbEntity
  8
E_Steckdosen
100
AcDbBlockReference
 66
1
  2
E_SYM_SS2
 10
5.31
 20
4.4
 30
0.0
 41
0.1
 42
0.1
 43
0.1
 50
180.0
  0
ATTRIB
  5
2BF
330
17
100
AcDbEntity
  8
0
100
AcDbText
 10
5.31
 20
4.58
 30
0.0
 40
0.15000000000000002
  1
SS2
 50
180.0
 11
5.31
 21
4.58
 31
0.0
100
AcDbAttribute
  2
CODE
 70
1
 71
1
 72
0
 11
5.31
 21
4.58
 31
0.0
  0
ATTRIB
  5
2C0
330
17
100
AcDbEntity
  8
0
100
AcDbText
 10
5.31
 20
4.760000000000001
 30
0.0
 40
0.15000000000000002
  1
Schutzkontakt-Steckdose 2-fach
 50
180.0
 11
5.31
 21
4.760000000000001
 31
0.0
100
AcDbAttribute
  2
NAME_DE
 70
1
 71
1
 72
0
 11
5.31
 21
4.760000000000001
 31
0.0
  0
ATTRIB
  5
2C1
330
17
100
AcDbEntity
  8
0
100
AcDbText
 10
5.31
 20
4.94
 30
0.0
 40
0.15000000000000002
  1
2OG-R1
 50
180.0
 11
5.31
 21
4.94
 31
0.0
100
AcDbAttribute
  2
ROOM
 70
1
 71
1
 72
0
 11
5.31
 21
4.94
 31
0.0
  0
ATTRIB
  5
2C2
330
17
100
AcDbEntity
  8
0
100
AcDbText
 10
5.31
 20
5.12
 30
0.0
 40
0.15000000000000002
  1
false
 50
180.0
 11
5.31
 21
5.12
 31
0.0
100
AcDbAttribute
  2
VERIFIED
 70
1
 71
1
 72
0
 11
5.31
 21
5.12
 31
0.0
  0
ATTRIB
  5
2C3
330
17
100
AcDbEntity
  8
0
100
AcDbText
 10
5.31
 20
5.300000000000001
 30
0.0
 40
0.15000000000000002
  1
s13
 50
180.0
 11
5.31
 21
5.300000000000001
 31
0.0
100
AcDbAttribute
  2
SYMBOL_ID
 70
1
 71
1
 72
0
 11
5.31
 21
5.300000000000001
 31
0.0
  0
SEQEND
  5
2BE
330
2BD
100
AcDbEntity
  8
E_Steckdosen
  0
INSERT
  5
2C4
330
17
100
AcDbEntity
  8
E_Steckdosen
100
AcDbBlockReference
 66
1
  2
E_SYM_SS2
 10
3.72
 20
4.05
 30
0.0
 41
0.1
 42
0.1
 43
0.1
 50
270.0
  0
ATTRIB
  5
2C6
330
17
100
AcDbEntity
  8
0
100
AcDbText
 10
3.54
 20
4.05
 30
0.0
 40
0.15000000000000002
  1
SS2
 50
-90.00000000000001
 11
3.54
 21
4.05
 31
0.0
100
AcDbAttribute
  2
CODE
 70
1
 71
1
 72
0
 11
3.54
 21
4.05
 31
0.0
  0
ATTRIB
  5
2C7
330
17
100
AcDbEntity
  8
0
100
AcDbText
 10
3.3600000000000003
 20
4.05
 30
0.0
 40
0.15000000000000002
  1
Schutzkontakt-Steckdose 2-fach
 50
-90.00000000000001
 11
3.3600000000000003
 21
4.05
 31
0.0
100
AcDbAttribute
  2
NAME_DE
 70
1
 71
1
 72
0
 11
3.3600000000000003
 21
4.05
 31
0.0
  0
ATTRIB
  5
2C8
330
17
100
AcDbEntity
  8
0
100
AcDbText
 10
3.18
 20
4.05
 30
0.0
 40
0.15000000000000002
  1
2OG-R1
 50
-90.00000000000001
 11
3.18
 21
4.05
 31
0.0
100
AcDbAttribute
  2
ROOM
 70
1
 71
1
 72
0
 11
3.18
 21
4.05
 31
0.0
  0
ATTRIB
  5
2C9
330
17
100
AcDbEntity
  8
0
100
AcDbText
 10
3.0
 20
4.05
 30
0.0
 40
0.15000000000000002
  1
false
 50
-90.00000000000001
 11
3.0
 21
4.05
 31
0.0
100
AcDbAttribute
  2
VERIFIED
 70
1
 71
1
 72
0
 11
3.0
 21
4.05
 31
0.0
  0
ATTRIB
  5
2CA
330
17
100
AcDbEntity
  8
0
100
AcDbText
 10
2.8200000000000003
 20
4.05
 30
0.0
 40
0.15000000000000002
  1
s14
 50
-90.00000000000001
 11
2.8200000000000003
 21
4.05
 31
0.0
100
AcDbAttribute
  2
SYMBOL_ID
 70
1
 71
1
 72
0
 11
2.8200000000000003
 21
4.05
 31
0.0
  0
SEQEND
  5
2C5
330
2C4
100
AcDbEntity
  8
E_Steckdosen
  0
INSERT
  5
2CB
330
17
100
AcDbEntity
  8
E_Steckdosen
100
AcDbBlockReference
 66
1
  2
E_SYM_SS2
 10
3.72
 20
1.4
 30
0.0
 41
0.1
 42
0.1
 43
0.1
 50
270.0
  0
ATTRIB
  5
2CD
330
17
100
AcDbEntity
  8
0
100
AcDbText
 10
3.54
 20
1.4
 30
0.0
 40
0.15000000000000002
  1
SS2
 50
-90.00000000000001
 11
3.54
 21
1.4
 31
0.0
100
AcDbAttribute
  2
CODE
 70
1
 71
1
 72
0
 11
3.54
 21
1.4
 31
0.0
  0
ATTRIB
  5
2CE
330
17
100
AcDbEntity
  8
0
100
AcDbText
 10
3.3600000000000003
 20
1.4
 30
0.0
 40
0.15000000000000002
  1
Schutzkontakt-Steckdose 2-fach
 50
-90.00000000000001
 11
3.3600000000000003
 21
1.4
 31
0.0
100
AcDbAttribute
  2
NAME_DE
 70
1
 71
1
 72
0
 11
3.3600000000000003
 21
1.4
 31
0.0
  0
ATTRIB
  5
2CF
330
17
100
AcDbEntity
  8
0
100
AcDbText
 10
3.18
 20
1.4
 30
0.0
 40
0.15000000000000002
  1
2OG-R1
 50
-90.00000000000001
 11
3.18
 21
1.4
 31
0.0
100
AcDbAttribute
  2
ROOM
 70
1
 71
1
 72
0
 11
3.18
 21
1.4
 31
0.0
  0
ATTRIB
  5
2D0
330
17
100
AcDbEntity
  8
0
100
AcDbText
 10
3.0
 20
1.4000000000000001
 30
0.0
 40
0.15000000000000002
  1
false
 50
-90.00000000000001
 11
3.0
 21
1.4000000000000001
 31
0.0
100
AcDbAttribute
  2
VERIFIED
 70
1
 71
1
 72
0
 11
3.0
 21
1.4000000000000001
 31
0.0
  0
ATTRIB
  5
2D1
330
17
100
AcDbEntity
  8
0
100
AcDbText
 10
2.8200000000000003
 20
1.4000000000000001
 30
0.0
 40
0.15000000000000002
  1
s15
 50
-90.00000000000001
 11
2.8200000000000003
 21
1.4000000000000001
 31
0.0
100
AcDbAttribute
  2
SYMBOL_ID
 70
1
 71
1
 72
0
 11
2.8200000000000003
 21
1.4000000000000001
 31
0.0
  0
SEQEND
  5
2CC
330
2CB
100
AcDbEntity
  8
E_Steckdosen
  0
INSERT
  5
2D2
330
17
100
AcDbEntity
  8
E_Steckdosen
100
AcDbBlockReference
 66
1
  2
E_SYM_SS2
 10
4.11
 20
0.1
 30
0.0
 41
0.1
 42
0.1
 43
0.1
  0
ATTRIB
  5
2D4
330
17
100
AcDbEntity
  8
0
100
AcDbText
 10
4.11
 20
-0.07999999999999999
 30
0.0
 40
0.15000000000000002
  1
SS2
 11
4.11
 21
-0.07999999999999999
 31
0.0
100
AcDbAttribute
  2
CODE
 70
1
 71
1
 72
0
 11
4.11
 21
-0.07999999999999999
 31
0.0
  0
ATTRIB
  5
2D5
330
17
100
AcDbEntity
  8
0
100
AcDbText
 10
4.11
 20
-0.26
 30
0.0
 40
0.15000000000000002
  1
Schutzkontakt-Steckdose 2-fach
 11
4.11
 21
-0.26
 31
0.0
100
AcDbAttribute
  2
NAME_DE
 70
1
 71
1
 72
0
 11
4.11
 21
-0.26
 31
0.0
  0
ATTRIB
  5
2D6
330
17
100
AcDbEntity
  8
0
100
AcDbText
 10
4.11
 20
-0.43999999999999995
 30
0.0
 40
0.15000000000000002
  1
2OG-R1
 11
4.11
 21
-0.43999999999999995
 31
0.0
100
AcDbAttribute
  2
ROOM
 70
1
 71
1
 72
0
 11
4.11
 21
-0.43999999999999995
 31
0.0
  0
ATTRIB
  5
2D7
330
17
100
AcDbEntity
  8
0
100
AcDbText
 10
4.11
 20
-0.62
 30
0.0
 40
0.15000000000000002
  1
false
 11
4.11
 21
-0.62
 31
0.0
100
AcDbAttribute
  2
VERIFIED
 70
1
 71
1
 72
0
 11
4.11
 21
-0.62
 31
0.0
  0
ATTRIB
  5
2D8
330
17
100
AcDbEntity
  8
0
100
AcDbText
 10
4.11
 20
-0.8
 30
0.0
 40
0.15000000000000002
  1
s16
 11
4.11
 21
-0.8
 31
0.0
100
AcDbAttribute
  2
SYMBOL_ID
 70
1
 71
1
 72
0
 11
4.11
 21
-0.8
 31
0.0
  0
SEQEND
  5
2D3
330
2D2
100
AcDbEntity
  8
E_Steckdosen
  0
INSERT
  5
2D9
330
17
100
AcDbEntity
  8
E_Steckdosen
100
AcDbBlockReference
 66
1
  2
E_SYM_SS2
 10
6.11
 20
0.1
 30
0.0
 41
0.1
 42
0.1
 43
0.1
  0
ATTRIB
  5
2DB
330
17
100
AcDbEntity
  8
0
100
AcDbText
 10
6.11
 20
-0.07999999999999999
 30
0.0
 40
0.15000000000000002
  1
SS2
 11
6.11
 21
-0.07999999999999999
 31
0.0
100
AcDbAttribute
  2
CODE
 70
1
 71
1
 72
0
 11
6.11
 21
-0.07999999999999999
 31
0.0
  0
ATTRIB
  5
2DC
330
17
100
AcDbEntity
  8
0
100
AcDbText
 10
6.11
 20
-0.26
 30
0.0
 40
0.15000000000000002
  1
Schutzkontakt-Steckdose 2-fach
 11
6.11
 21
-0.26
 31
0.0
100
AcDbAttribute
  2
NAME_DE
 70
1
 71
1
 72
0
 11
6.11
 21
-0.26
 31
0.0
  0
ATTRIB
  5
2DD
330
17
100
AcDbEntity
  8
0
100
AcDbText
 10
6.11
 20
-0.43999999999999995
 30
0.0
 40
0.15000000000000002
  1
2OG-R1
 11
6.11
 21
-0.43999999999999995
 31
0.0
100
AcDbAttribute
  2
ROOM
 70
1
 71
1
 72
0
 11
6.11
 21
-0.43999999999999995
 31
0.0
  0
ATTRIB
  5
2DE
330
17
100
AcDbEntity
  8
0
100
AcDbText
 10
6.11
 20
-0.62
 30
0.0
 40
0.15000000000000002
  1
false
 11
6.11
 21
-0.62
 31
0.0
100
AcDbAttribute
  2
VERIFIED
 70
1
 71
1
 72
0
 11
6.11
 21
-0.62
 31
0.0
  0
ATTRIB
  5
2DF
330
17
100
AcDbEntity
  8
0
100
AcDbText
 10
6.11
 20
-0.8
 30
0.0
 40
0.15000000000000002
  1
s17
 11
6.11
 21
-0.8
 31
0.0
100
AcDbAttribute
  2
SYMBOL_ID
 70
1
 71
1
 72
0
 11
6.11
 21
-0.8
 31
0.0
  0
SEQEND
  5
2DA
330
2D9
100
AcDbEntity
  8
E_Steckdosen
  0
INSERT
  5
2E0
330
17
100
AcDbEntity
  8
E_Licht
100
AcDbBlockReference
 66
1
  2
E_SYM_LD
 10
2.75
 20
6.625
 30
0.0
 41
0.1
 42
0.1
 43
0.1
  0
ATTRIB
  5
2E2
330
17
100
AcDbEntity
  8
0
100
AcDbText
 10
2.75
 20
6.445
 30
0.0
 40
0.15000000000000002
  1
LD
 11
2.75
 21
6.445
 31
0.0
100
AcDbAttribute
  2
CODE
 70
1
 71
1
 72
0
 11
2.75
 21
6.445
 31
0.0
  0
ATTRIB
  5
2E3
330
17
100
AcDbEntity
  8
0
100
AcDbText
 10
2.75
 20
6.265
 30
0.0
 40
0.15000000000000002
  1
Deckenleuchte
 11
2.75
 21
6.265
 31
0.0
100
AcDbAttribute
  2
NAME_DE
 70
1
 71
1
 72
0
 11
2.75
 21
6.265
 31
0.0
  0
ATTRIB
  5
2E4
330
17
100
AcDbEntity
  8
0
100
AcDbText
 10
2.75
 20
6.085
 30
0.0
 40
0.15000000000000002
  1
2OG-R2
 11
2.75
 21
6.085
 31
0.0
100
AcDbAttribute
  2
ROOM
 70
1
 71
1
 72
0
 11
2.75
 21
6.085
 31
0.0
  0
ATTRIB
  5
2E5
330
17
100
AcDbEntity
  8
0
100
AcDbText
 10
2.75
 20
5.905
 30
0.0
 40
0.15000000000000002
  1
false
 11
2.75
 21
5.905
 31
0.0
100
AcDbAttribute
  2
VERIFIED
 70
1
 71
1
 72
0
 11
2.75
 21
5.905
 31
0.0
  0
ATTRIB
  5
2E6
330
17
100
AcDbEntity
  8
0
100
AcDbText
 10
2.75
 20
5.725
 30
0.0
 40
0.15000000000000002
  1
s18
 11
2.75
 21
5.725
 31
0.0
100
AcDbAttribute
  2
SYMBOL_ID
 70
1
 71
1
 72
0
 11
2.75
 21
5.725
 31
0.0
  0
SEQEND
  5
2E1
330
2E0
100
AcDbEntity
  8
E_Licht
  0
INSERT
  5
2E7
330
17
100
AcDbEntity
  8
E_Sicherheit
100
AcDbBlockReference
 66
1
  2
E_SYM_RM
 10
3.35
 20
6.625
 30
0.0
 41
0.1
 42
0.1
 43
0.1
  0
ATTRIB
  5
2E9
330
17
100
AcDbEntity
  8
0
100
AcDbText
 10
3.35
 20
6.445
 30
0.0
 40
0.15000000000000002
  1
RM
 11
3.35
 21
6.445
 31
0.0
100
AcDbAttribute
  2
CODE
 70
1
 71
1
 72
0
 11
3.35
 21
6.445
 31
0.0
  0
ATTRIB
  5
2EA
330
17
100
AcDbEntity
  8
0
100
AcDbText
 10
3.35
 20
6.265
 30
0.0
 40
0.15000000000000002
  1
Rauchwarnmelder
 11
3.35
 21
6.265
 31
0.0
100
AcDbAttribute
  2
NAME_DE
 70
1
 71
1
 72
0
 11
3.35
 21
6.265
 31
0.0
  0
ATTRIB
  5
2EB
330
17
100
AcDbEntity
  8
0
100
AcDbText
 10
3.35
 20
6.085
 30
0.0
 40
0.15000000000000002
  1
2OG-R2
 11
3.35
 21
6.085
 31
0.0
100
AcDbAttribute
  2
ROOM
 70
1
 71
1
 72
0
 11
3.35
 21
6.085
 31
0.0
  0
ATTRIB
  5
2EC
330
17
100
AcDbEntity
  8
0
100
AcDbText
 10
3.35
 20
5.905
 30
0.0
 40
0.15000000000000002
  1
false
 11
3.35
 21
5.905
 31
0.0
100
AcDbAttribute
  2
VERIFIED
 70
1
 71
1
 72
0
 11
3.35
 21
5.905
 31
0.0
  0
ATTRIB
  5
2ED
330
17
100
AcDbEntity
  8
0
100
AcDbText
 10
3.35
 20
5.725
 30
0.0
 40
0.15000000000000002
  1
s19
 11
3.35
 21
5.725
 31
0.0
100
AcDbAttribute
  2
SYMBOL_ID
 70
1
 71
1
 72
0
 11
3.35
 21
5.725
 31
0.0
  0
SEQEND
  5
2E8
330
2E7
100
AcDbEntity
  8
E_Sicherheit
  0
INSERT
  5
2EE
330
17
100
AcDbEntity
  8
E_Schalter
100
AcDbBlockReference
 66
1
  2
E_SYM_SW
 10
3.05
 20
4.9
 30
0.0
 41
0.1
 42
0.1
 43
0.1
  0
ATTRIB
  5
2F0
330
17
100
AcDbEntity
  8
0
100
AcDbText
 10
3.05
 20
4.720000000000001
 30
0.0
 40
0.15000000000000002
  1
SW
 11
3.05
 21
4.720000000000001
 31
0.0
100
AcDbAttribute
  2
CODE
 70
1
 71
1
 72
0
 11
3.05
 21
4.720000000000001
 31
0.0
  0
ATTRIB
  5
2F1
330
17
100
AcDbEntity
  8
0
100
AcDbText
 10
3.05
 20
4.54
 30
0.0
 40
0.15000000000000002
  1
Wechselschalter
 11
3.05
 21
4.54
 31
0.0
100
AcDbAttribute
  2
NAME_DE
 70
1
 71
1
 72
0
 11
3.05
 21
4.54
 31
0.0
  0
ATTRIB
  5
2F2
330
17
100
AcDbEntity
  8
0
100
AcDbText
 10
3.05
 20
4.36
 30
0.0
 40
0.15000000000000002
  1
2OG-R2
 11
3.05
 21
4.36
 31
0.0
100
AcDbAttribute
  2
ROOM
 70
1
 71
1
 72
0
 11
3.05
 21
4.36
 31
0.0
  0
ATTRIB
  5
2F3
330
17
100
AcDbEntity
  8
0
100
AcDbText
 10
3.05
 20
4.180000000000001
 30
0.0
 40
0.15000000000000002
  1
false
 11
3.05
 21
4.180000000000001
 31
0.0
100
AcDbAttribute
  2
VERIFIED
 70
1
 71
1
 72
0
 11
3.05
 21
4.180000000000001
 31
0.0
  0
ATTRIB
  5
2F4
330
17
100
AcDbEntity
  8
0
100
AcDbText
 10
3.05
 20
4.0
 30
0.0
 40
0.15000000000000002
  1
s20
 11
3.05
 21
4.0
 31
0.0
100
AcDbAttribute
  2
SYMBOL_ID
 70
1
 71
1
 72
0
 11
3.05
 21
4.0
 31
0.0
  0
SEQEND
  5
2EF
330
2EE
100
AcDbEntity
  8
E_Schalter
  0
INSERT
  5
2F5
330
17
100
AcDbEntity
  8
E_Schalter
100
AcDbBlockReference
 66
1
  2
E_SYM_SW
 10
5.05
 20
4.9
 30
0.0
 41
0.1
 42
0.1
 43
0.1
  0
ATTRIB
  5
2F7
330
17
100
AcDbEntity
  8
0
100
AcDbText
 10
5.05
 20
4.720000000000001
 30
0.0
 40
0.15000000000000002
  1
SW
 11
5.05
 21
4.720000000000001
 31
0.0
100
AcDbAttribute
  2
CODE
 70
1
 71
1
 72
0
 11
5.05
 21
4.720000000000001
 31
0.0
  0
ATTRIB
  5
2F8
330
17
100
AcDbEntity
  8
0
100
AcDbText
 10
5.05
 20
4.54
 30
0.0
 40
0.15000000000000002
  1
Wechselschalter
 11
5.05
 21
4.54
 31
0.0
100
AcDbAttribute
  2
NAME_DE
 70
1
 71
1
 72
0
 11
5.05
 21
4.54
 31
0.0
  0
ATTRIB
  5
2F9
330
17
100
AcDbEntity
  8
0
100
AcDbText
 10
5.05
 20
4.36
 30
0.0
 40
0.15000000000000002
  1
2OG-R2
 11
5.05
 21
4.36
 31
0.0
100
AcDbAttribute
  2
ROOM
 70
1
 71
1
 72
0
 11
5.05
 21
4.36
 31
0.0
  0
ATTRIB
  5
2FA
330
17
100
AcDbEntity
  8
0
100
AcDbText
 10
5.05
 20
4.180000000000001
 30
0.0
 40
0.15000000000000002
  1
false
 11
5.05
 21
4.180000000000001
 31
0.0
100
AcDbAttribute
  2
VERIFIED
 70
1
 71
1
 72
0
 11
5.05
 21
4.180000000000001
 31
0.0
  0
ATTRIB
  5
2FB
330
17
100
AcDbEntity
  8
0
100
AcDbText
 10
5.05
 20
4.0
 30
0.0
 40
0.15000000000000002
  1
s21
 11
5.05
 21
4.0
 31
0.0
100
AcDbAttribute
  2
SYMBOL_ID
 70
1
 71
1
 72
0
 11
5.05
 21
4.0
 31
0.0
  0
SEQEND
  5
2F6
330
2F5
100
AcDbEntity
  8
E_Schalter
  0
INSERT
  5
2FC
330
17
100
AcDbEntity
  8
E_Steckdosen
100
AcDbBlockReference
 66
1
  2
E_SYM_SS2
 10
5.4
 20
6.625
 30
0.0
 41
0.1
 42
0.1
 43
0.1
 50
90.0
  0
ATTRIB
  5
2FE
330
17
100
AcDbEntity
  8
0
100
AcDbText
 10
5.58
 20
6.625
 30
0.0
 40
0.15000000000000002
  1
SS2
 50
90.0
 11
5.58
 21
6.625
 31
0.0
100
AcDbAttribute
  2
CODE
 70
1
 71
1
 72
0
 11
5.58
 21
6.625
 31
0.0
  0
ATTRIB
  5
2FF
330
17
100
AcDbEntity
  8
0
100
AcDbText
 10
5.760000000000001
 20
6.625
 30
0.0
 40
0.15000000000000002
  1
Schutzkontakt-Steckdose 2-fach
 50
90.0
 11
5.760000000000001
 21
6.625
 31
0.0
100
AcDbAttribute
  2
NAME_DE
 70
1
 71
1
 72
0
 11
5.760000000000001
 21
6.625
 31
0.0
  0
ATTRIB
  5
300
330
17
100
AcDbEntity
  8
0
100
AcDbText
 10
5.94
 20
6.625
 30
0.0
 40
0.15000000000000002
  1
2OG-R2
 50
90.0
 11
5.94
 21
6.625
 31
0.0
100
AcDbAttribute
  2
ROOM
 70
1
 71
1
 72
0
 11
5.94
 21
6.625
 31
0.0
  0
ATTRIB
  5
301
330
17
100
AcDbEntity
  8
0
100
AcDbText
 10
6.12
 20
6.625
 30
0.0
 40
0.15000000000000002
  1
false
 50
90.0
 11
6.12
 21
6.625
 31
0.0
100
AcDbAttribute
  2
VERIFIED
 70
1
 71
1
 72
0
 11
6.12
 21
6.625
 31
0.0
  0
ATTRIB
  5
302
330
17
100
AcDbEntity
  8
0
100
AcDbText
 10
6.300000000000001
 20
6.625
 30
0.0
 40
0.15000000000000002
  1
s22
 50
90.0
 11
6.300000000000001
 21
6.625
 31
0.0
100
AcDbAttribute
  2
SYMBOL_ID
 70
1
 71
1
 72
0
 11
6.300000000000001
 21
6.625
 31
0.0
  0
SEQEND
  5
2FD
330
2FC
100
AcDbEntity
  8
E_Steckdosen
  0
INSERT
  5
303
330
17
100
AcDbEntity
  8
E_Steckdosen
100
AcDbBlockReference
 66
1
  2
E_SYM_SS2
 10
5.1
 20
8.4
 30
0.0
 41
0.1
 42
0.1
 43
0.1
 50
180.0
  0
ATTRIB
  5
305
330
17
100
AcDbEntity
  8
0
100
AcDbText
 10
5.1
 20
8.58
 30
0.0
 40
0.15000000000000002
  1
SS2
 50
180.0
 11
5.1
 21
8.58
 31
0.0
100
AcDbAttribute
  2
CODE
 70
1
 71
1
 72
0
 11
5.1
 21
8.58
 31
0.0
  0
ATTRIB
  5
306
330
17
100
AcDbEntity
  8
0
100
AcDbText
 10
5.1
 20
8.76
 30
0.0
 40
0.15000000000000002
  1
Schutzkontakt-Steckdose 2-fach
 50
180.0
 11
5.1
 21
8.76
 31
0.0
100
AcDbAttribute
  2
NAME_DE
 70
1
 71
1
 72
0
 11
5.1
 21
8.76
 31
0.0
  0
ATTRIB
  5
307
330
17
100
AcDbEntity
  8
0
100
AcDbText
 10
5.1
 20
8.94
 30
0.0
 40
0.15000000000000002
  1
2OG-R2
 50
180.0
 11
5.1
 21
8.94
 31
0.0
100
AcDbAttribute
  2
ROOM
 70
1
 71
1
 72
0
 11
5.1
 21
8.94
 31
0.0
  0
ATTRIB
  5
308
330
17
100
AcDbEntity
  8
0
100
AcDbText
 10
5.1
 20
9.120000000000001
 30
0.0
 40
0.15000000000000002
  1
false
 50
180.0
 11
5.1
 21
9.120000000000001
 31
0.0
100
AcDbAttribute
  2
VERIFIED
 70
1
 71
1
 72
0
 11
5.1
 21
9.120000000000001
 31
0.0
  0
ATTRIB
  5
309
330
17
100
AcDbEntity
  8
0
100
AcDbText
 10
5.1
 20
9.3
 30
0.0
 40
0.15000000000000002
  1
s23
 50
180.0
 11
5.1
 21
9.3
 31
0.0
100
AcDbAttribute
  2
SYMBOL_ID
 70
1
 71
1
 72
0
 11
5.1
 21
9.3
 31
0.0
  0
SEQEND
  5
304
330
303
100
AcDbEntity
  8
E_Steckdosen
  0
INSERT
  5
30A
330
17
100
AcDbEntity
  8
E_Steckdosen
100
AcDbBlockReference
 66
1
  2
E_SYM_SS2
 10
2.7
 20
8.4
 30
0.0
 41
0.1
 42
0.1
 43
0.1
 50
180.0
  0
ATTRIB
  5
30C
330
17
100
AcDbEntity
  8
0
100
AcDbText
 10
2.7
 20
8.58
 30
0.0
 40
0.15000000000000002
  1
SS2
 50
180.0
 11
2.7
 21
8.58
 31
0.0
100
AcDbAttribute
  2
CODE
 70
1
 71
1
 72
0
 11
2.7
 21
8.58
 31
0.0
  0
ATTRIB
  5
30D
330
17
100
AcDbEntity
  8
0
100
AcDbText
 10
2.7
 20
8.76
 30
0.0
 40
0.15000000000000002
  1
Schutzkontakt-Steckdose 2-fach
 50
180.0
 11
2.7
 21
8.76
 31
0.0
100
AcDbAttribute
  2
NAME_DE
 70
1
 71
1
 72
0
 11
2.7
 21
8.76
 31
0.0
  0
ATTRIB
  5
30E
330
17
100
AcDbEntity
  8
0
100
AcDbText
 10
2.7
 20
8.94
 30
0.0
 40
0.15000000000000002
  1
2OG-R2
 50
180.0
 11
2.7
 21
8.94
 31
0.0
100
AcDbAttribute
  2
ROOM
 70
1
 71
1
 72
0
 11
2.7
 21
8.94
 31
0.0
  0
ATTRIB
  5
30F
330
17
100
AcDbEntity
  8
0
100
AcDbText
 10
2.7
 20
9.120000000000001
 30
0.0
 40
0.15000000000000002
  1
false
 50
180.0
 11
2.7
 21
9.120000000000001
 31
0.0
100
AcDbAttribute
  2
VERIFIED
 70
1
 71
1
 72
0
 11
2.7
 21
9.120000000000001
 31
0.0
  0
ATTRIB
  5
310
330
17
100
AcDbEntity
  8
0
100
AcDbText
 10
2.7
 20
9.3
 30
0.0
 40
0.15000000000000002
  1
s24
 50
180.0
 11
2.7
 21
9.3
 31
0.0
100
AcDbAttribute
  2
SYMBOL_ID
 70
1
 71
1
 72
0
 11
2.7
 21
9.3
 31
0.0
  0
SEQEND
  5
30B
330
30A
100
AcDbEntity
  8
E_Steckdosen
  0
INSERT
  5
311
330
17
100
AcDbEntity
  8
E_Steckdosen
100
AcDbBlockReference
 66
1
  2
E_SYM_SS2
 10
0.35
 20
8.4
 30
0.0
 41
0.1
 42
0.1
 43
0.1
 50
180.0
  0
ATTRIB
  5
313
330
17
100
AcDbEntity
  8
0
100
AcDbText
 10
0.35
 20
8.58
 30
0.0
 40
0.15000000000000002
  1
SS2
 50
180.0
 11
0.35
 21
8.58
 31
0.0
100
AcDbAttribute
  2
CODE
 70
1
 71
1
 72
0
 11
0.35
 21
8.58
 31
0.0
  0
ATTRIB
  5
314
330
17
100
AcDbEntity
  8
0
100
AcDbText
 10
0.35000000000000003
 20
8.76
 30
0.0
 40
0.15000000000000002
  1
Schutzkontakt-Steckdose 2-fach
 50
180.0
 11
0.35000000000000003
 21
8.76
 31
0.0
100
AcDbAttribute
  2
NAME_DE
 70
1
 71
1
 72
0
 11
0.35000000000000003
 21
8.76
 31
0.0
  0
ATTRIB
  5
315
330
17
100
AcDbEntity
  8
0
100
AcDbText
 10
0.35000000000000003
 20
8.94
 30
0.0
 40
0.15000000000000002
  1
2OG-R2
 50
180.0
 11
0.35000000000000003
 21
8.94
 31
0.0
100
AcDbAttribute
  2
ROOM
 70
1
 71
1
 72
0
 11
0.35000000000000003
 21
8.94
 31
0.0
  0
ATTRIB
  5
316
330
17
100
AcDbEntity
  8
0
100
AcDbText
 10
0.3500000000000001
 20
9.120000000000001
 30
0.0
 40
0.15000000000000002
  1
false
 50
180.0
 11
0.3500000000000001
 21
9.120000000000001
 31
0.0
100
AcDbAttribute
  2
VERIFIED
 70
1
 71
1
 72
0
 11
0.3500000000000001
 21
9.120000000000001
 31
0.0
  0
ATTRIB
  5
317
330
17
100
AcDbEntity
  8
0
100
AcDbText
 10
0.3500000000000001
 20
9.3
 30
0.0
 40
0.15000000000000002
  1
s25
 50
180.0
 11
0.3500000000000001
 21
9.3
 31
0.0
100
AcDbAttribute
  2
SYMBOL_ID
 70
1
 71
1
 72
0
 11
0.3500000000000001
 21
9.3
 31
0.0
  0
SEQEND
  5
312
330
311
100
AcDbEntity
  8
E_Steckdosen
  0
INSERT
  5
318
330
17
100
AcDbEntity
  8
E_Steckdosen
100
AcDbBlockReference
 66
1
  2
E_SYM_SS2
 10
0.1
 20
6.625
 30
0.0
 41
0.1
 42
0.1
 43
0.1
 50
270.0
  0
ATTRIB
  5
31A
330
17
100
AcDbEntity
  8
0
100
AcDbText
 10
-0.07999999999999999
 20
6.625
 30
0.0
 40
0.15000000000000002
  1
SS2
 50
-90.00000000000001
 11
-0.07999999999999999
 21
6.625
 31
0.0
100
AcDbAttribute
  2
CODE
 70
1
 71
1
 72
0
 11
-0.07999999999999999
 21
6.625
 31
0.0
  0
ATTRIB
  5
31B
330
17
100
AcDbEntity
  8
0
100
AcDbText
 10
-0.26
 20
6.625
 30
0.0
 40
0.15000000000000002
  1
Schutzkontakt-Steckdose 2-fach
 50
-90.00000000000001
 11
-0.26
 21
6.625
 31
0.0
100
AcDbAttribute
  2
NAME_DE
 70
1
 71
1
 72
0
 11
-0.26
 21
6.625
 31
0.0
  0
ATTRIB
  5
31C
330
17
100
AcDbEntity
  8
0
100
AcDbText
 10
-0.43999999999999995
 20
6.625
 30
0.0
 40
0.15000000000000002
  1
2OG-R2
 50
-90.00000000000001
 11
-0.43999999999999995
 21
6.625
 31
0.0
100
AcDbAttribute
  2
ROOM
 70
1
 71
1
 72
0
 11
-0.43999999999999995
 21
6.625
 31
0.0
  0
ATTRIB
  5
31D
330
17
100
AcDbEntity
  8
0
100
AcDbText
 10
-0.62
 20
6.625
 30
0.0
 40
0.15000000000000002
  1
false
 50
-90.00000000000001
 11
-0.62
 21
6.625
 31
0.0
100
AcDbAttribute
  2
VERIFIED
 70
1
 71
1
 72
0
 11
-0.62
 21
6.625
 31
0.0
  0
ATTRIB
  5
31E
330
17
100
AcDbEntity
  8
0
100
AcDbText
 10
-0.8
 20
6.625
 30
0.0
 40
0.15000000000000002
  1
s26
 50
-90.00000000000001
 11
-0.8
 21
6.625
 31
0.0
100
AcDbAttribute
  2
SYMBOL_ID
 70
1
 71
1
 72
0
 11
-0.8
 21
6.625
 31
0.0
  0
SEQEND
  5
319
330
318
100
AcDbEntity
  8
E_Steckdosen
  0
INSERT
  5
31F
330
17
100
AcDbEntity
  8
E_Steckdosen
100
AcDbBlockReference
 66
1
  2
E_SYM_SS2
 10
1.0
 20
4.85
 30
0.0
 41
0.1
 42
0.1
 43
0.1
  0
ATTRIB
  5
321
330
17
100
AcDbEntity
  8
0
100
AcDbText
 10
1.0
 20
4.67
 30
0.0
 40
0.15000000000000002
  1
SS2
 11
1.0
 21
4.67
 31
0.0
100
AcDbAttribute
  2
CODE
 70
1
 71
1
 72
0
 11
1.0
 21
4.67
 31
0.0
  0
ATTRIB
  5
322
330
17
100
AcDbEntity
  8
0
100
AcDbText
 10
1.0
 20
4.489999999999999
 30
0.0
 40
0.15000000000000002
  1
Schutzkontakt-Steckdose 2-fach
 11
1.0
 21
4.489999999999999
 31
0.0
100
AcDbAttribute
  2
NAME_DE
 70
1
 71
1
 72
0
 11
1.0
 21
4.489999999999999
 31
0.0
  0
ATTRIB
  5
323
330
17
100
AcDbEntity
  8
0
100
AcDbText
 10
1.0
 20
4.31
 30
0.0
 40
0.15000000000000002
  1
2OG-R2
 11
1.0
 21
4.31
 31
0.0
100
AcDbAttribute
  2
ROOM
 70
1
 71
1
 72
0
 11
1.0
 21
4.31
 31
0.0
  0
ATTRIB
  5
324
330
17
100
AcDbEntity
  8
0
100
AcDbText
 10
1.0
 20
4.13
 30
0.0
 40
0.15000000000000002
  1
false
 11
1.0
 21
4.13
 31
0.0
100
AcDbAttribute
  2
VERIFIED
 70
1
 71
1
 72
0
 11
1.0
 21
4.13
 31
0.0
  0
ATTRIB
  5
325
330
17
100
AcDbEntity
  8
0
100
AcDbText
 10
1.0
 20
3.9499999999999997
 30
0.0
 40
0.15000000000000002
  1
s27
 11
1.0
 21
3.9499999999999997
 31
0.0
100
AcDbAttribute
  2
SYMBOL_ID
 70
1
 71
1
 72
0
 11
1.0
 21
3.9499999999999997
 31
0.0
  0
SEQEND
  5
320
330
31F
100
AcDbEntity
  8
E_Steckdosen
  0
INSERT
  5
326
330
17
100
AcDbEntity
  8
E_Steckdosen
100
AcDbBlockReference
 66
1
  2
E_SYM_SS2
 10
3.45
 20
4.85
 30
0.0
 41
0.1
 42
0.1
 43
0.1
  0
ATTRIB
  5
328
330
17
100
AcDbEntity
  8
0
100
AcDbText
 10
3.45
 20
4.67
 30
0.0
 40
0.15000000000000002
  1
SS2
 11
3.45
 21
4.67
 31
0.0
100
AcDbAttribute
  2
CODE
 70
1
 71
1
 72
0
 11
3.45
 21
4.67
 31
0.0
  0
ATTRIB
  5
329
330
17
100
AcDbEntity
  8
0
100
AcDbText
 10
3.45
 20
4.489999999999999
 30
0.0
 40
0.15000000000000002
  1
Schutzkontakt-Steckdose 2-fach
 11
3.45
 21
4.489999999999999
 31
0.0
100
AcDbAttribute
  2
NAME_DE
 70
1
 71
1
 72
0
 11
3.45
 21
4.489999999999999
 31
0.0
  0
ATTRIB
  5
32A
330
17
100
AcDbEntity
  8
0
100
AcDbText
 10
3.45
 20
4.31
 30
0.0
 40
0.15000000000000002
  1
2OG-R2
 11
3.45
 21
4.31
 31
0.0
100
AcDbAttribute
  2
ROOM
 70
1
 71
1
 72
0
 11
3.45
 21
4.31
 31
0.0
  0
ATTRIB
  5
32B
330
17
100
AcDbEntity
  8
0
100
AcDbText
 10
3.45
 20
4.13
 30
0.0
 40
0.15000000000000002
  1
false
 11
3.45
 21
4.13
 31
0.0
100
AcDbAttribute
  2
VERIFIED
 70
1
 71
1
 72
0
 11
3.45
 21
4.13
 31
0.0
  0
ATTRIB
  5
32C
330
17
100
AcDbEntity
  8
0
100
AcDbText
 10
3.45
 20
3.9499999999999997
 30
0.0
 40
0.15000000000000002
  1
s28
 11
3.45
 21
3.9499999999999997
 31
0.0
100
AcDbAttribute
  2
SYMBOL_ID
 70
1
 71
1
 72
0
 11
3.45
 21
3.9499999999999997
 31
0.0
  0
SEQEND
  5
327
330
326
100
AcDbEntity
  8
E_Steckdosen
  0
INSERT
  5
32D
330
17
100
AcDbEntity
  8
E_Licht
100
AcDbBlockReference
 66
1
  2
E_SYM_LD
 10
8.06
 20
6.625
 30
0.0
 41
0.1
 42
0.1
 43
0.1
  0
ATTRIB
  5
32F
330
17
100
AcDbEntity
  8
0
100
AcDbText
 10
8.06
 20
6.445
 30
0.0
 40
0.15000000000000002
  1
LD
 11
8.06
 21
6.445
 31
0.0
100
AcDbAttribute
  2
CODE
 70
1
 71
1
 72
0
 11
8.06
 21
6.445
 31
0.0
  0
ATTRIB
  5
330
330
17
100
AcDbEntity
  8
0
100
AcDbText
 10
8.06
 20
6.265
 30
0.0
 40
0.15000000000000002
  1
Deckenleuchte
 11
8.06
 21
6.265
 31
0.0
100
AcDbAttribute
  2
NAME_DE
 70
1
 71
1
 72
0
 11
8.06
 21
6.265
 31
0.0
  0
ATTRIB
  5
331
330
17
100
AcDbEntity
  8
0
100
AcDbText
 10
8.06
 20
6.085
 30
0.0
 40
0.15000000000000002
  1
2OG-R3
 11
8.06
 21
6.085
 31
0.0
100
AcDbAttribute
  2
ROOM
 70
1
 71
1
 72
0
 11
8.06
 21
6.085
 31
0.0
  0
ATTRIB
  5
332
330
17
100
AcDbEntity
  8
0
100
AcDbText
 10
8.06
 20
5.905
 30
0.0
 40
0.15000000000000002
  1
false
 11
8.06
 21
5.905
 31
0.0
100
AcDbAttribute
  2
VERIFIED
 70
1
 71
1
 72
0
 11
8.06
 21
5.905
 31
0.0
  0
ATTRIB
  5
333
330
17
100
AcDbEntity
  8
0
100
AcDbText
 10
8.06
 20
5.725
 30
0.0
 40
0.15000000000000002
  1
s29
 11
8.06
 21
5.725
 31
0.0
100
AcDbAttribute
  2
SYMBOL_ID
 70
1
 71
1
 72
0
 11
8.06
 21
5.725
 31
0.0
  0
SEQEND
  5
32E
330
32D
100
AcDbEntity
  8
E_Licht
  0
INSERT
  5
334
330
17
100
AcDbEntity
  8
E_Sicherheit
100
AcDbBlockReference
 66
1
  2
E_SYM_RM
 10
8.66
 20
6.625
 30
0.0
 41
0.1
 42
0.1
 43
0.1
  0
ATTRIB
  5
336
330
17
100
AcDbEntity
  8
0
100
AcDbText
 10
8.66
 20
6.445
 30
0.0
 40
0.15000000000000002
  1
RM
 11
8.66
 21
6.445
 31
0.0
100
AcDbAttribute
  2
CODE
 70
1
 71
1
 72
0
 11
8.66
 21
6.445
 31
0.0
  0
ATTRIB
  5
337
330
17
100
AcDbEntity
  8
0
100
AcDbText
 10
8.66
 20
6.265
 30
0.0
 40
0.15000000000000002
  1
Rauchwarnmelder
 11
8.66
 21
6.265
 31
0.0
100
AcDbAttribute
  2
NAME_DE
 70
1
 71
1
 72
0
 11
8.66
 21
6.265
 31
0.0
  0
ATTRIB
  5
338
330
17
100
AcDbEntity
  8
0
100
AcDbText
 10
8.66
 20
6.085
 30
0.0
 40
0.15000000000000002
  1
2OG-R3
 11
8.66
 21
6.085
 31
0.0
100
AcDbAttribute
  2
ROOM
 70
1
 71
1
 72
0
 11
8.66
 21
6.085
 31
0.0
  0
ATTRIB
  5
339
330
17
100
AcDbEntity
  8
0
100
AcDbText
 10
8.66
 20
5.905
 30
0.0
 40
0.15000000000000002
  1
false
 11
8.66
 21
5.905
 31
0.0
100
AcDbAttribute
  2
VERIFIED
 70
1
 71
1
 72
0
 11
8.66
 21
5.905
 31
0.0
  0
ATTRIB
  5
33A
330
17
100
AcDbEntity
  8
0
100
AcDbText
 10
8.66
 20
5.725
 30
0.0
 40
0.15000000000000002
  1
s30
 11
8.66
 21
5.725
 31
0.0
100
AcDbAttribute
  2
SYMBOL_ID
 70
1
 71
1
 72
0
 11
8.66
 21
5.725
 31
0.0
  0
SEQEND
  5
335
330
334
100
AcDbEntity
  8
E_Sicherheit
  0
INSERT
  5
33B
330
17
100
AcDbEntity
  8
E_Schalter
100
AcDbBlockReference
 66
1
  2
E_SYM_SA
 10
5.57
 20
4.9
 30
0.0
 41
0.1
 42
0.1
 43
0.1
  0
ATTRIB
  5
33D
330
17
100
AcDbEntity
  8
0
100
AcDbText
 10
5.57
 20
4.720000000000001
 30
0.0
 40
0.15000000000000002
  1
SA
 11
5.57
 21
4.720000000000001
 31
0.0
100
AcDbAttribute
  2
CODE
 70
1
 71
1
 72
0
 11
5.57
 21
4.720000000000001
 31
0.0
  0
ATTRIB
  5
33E
330
17
100
AcDbEntity
  8
0
100
AcDbText
 10
5.57
 20
4.54
 30
0.0
 40
0.15000000000000002
  1
Ausschalter
 11
5.57
 21
4.54
 31
0.0
100
AcDbAttribute
  2
NAME_DE
 70
1
 71
1
 72
0
 11
5.57
 21
4.54
 31
0.0
  0
ATTRIB
  5
33F
330
17
100
AcDbEntity
  8
0
100
AcDbText
 10
5.57
 20
4.36
 30
0.0
 40
0.15000000000000002
  1

 11
5.57
 21
4.36
 31
0.0
100
AcDbAttribute
  2
ROOM
 70
1
 71
1
 72
0
 11
5.57
 21
4.36
 31
0.0
  0
ATTRIB
  5
340
330
17
100
AcDbEntity
  8
0
100
AcDbText
 10
5.57
 20
4.180000000000001
 30
0.0
 40
0.15000000000000002
  1
false
 11
5.57
 21
4.180000000000001
 31
0.0
100
AcDbAttribute
  2
VERIFIED
 70
1
 71
1
 72
0
 11
5.57
 21
4.180000000000001
 31
0.0
  0
ATTRIB
  5
341
330
17
100
AcDbEntity
  8
0
100
AcDbText
 10
5.57
 20
4.0
 30
0.0
 40
0.15000000000000002
  1
s31
 11
5.57
 21
4.0
 31
0.0
100
AcDbAttribute
  2
SYMBOL_ID
 70
1
 71
1
 72
0
 11
5.57
 21
4.0
 31
0.0
  0
SEQEND
  5
33C
330
33B
100
AcDbEntity
  8
E_Schalter
  0
INSERT
  5
342
330
17
100
AcDbEntity
  8
E_Steckdosen
100
AcDbBlockReference
 66
1
  2
E_SYM_SS2
 10
10.4
 20
6.625
 30
0.0
 41
0.1
 42
0.1
 43
0.1
 50
90.0
  0
ATTRIB
  5
344
330
17
100
AcDbEntity
  8
0
100
AcDbText
 10
10.58
 20
6.625
 30
0.0
 40
0.15000000000000002
  1
SS2
 50
90.0
 11
10.58
 21
6.625
 31
0.0
100
AcDbAttribute
  2
CODE
 70
1
 71
1
 72
0
 11
10.58
 21
6.625
 31
0.0
  0
ATTRIB
  5
345
330
17
100
AcDbEntity
  8
0
100
AcDbText
 10
10.76
 20
6.625
 30
0.0
 40
0.15000000000000002
  1
Schutzkontakt-Steckdose 2-fach
 50
90.0
 11
10.76
 21
6.625
 31
0.0
100
AcDbAttribute
  2
NAME_DE
 70
1
 71
1
 72
0
 11
10.76
 21
6.625
 31
0.0
  0
ATTRIB
  5
346
330
17
100
AcDbEntity
  8
0
100
AcDbText
 10
10.94
 20
6.625
 30
0.0
 40
0.15000000000000002
  1
2OG-R3
 50
90.0
 11
10.94
 21
6.625
 31
0.0
100
AcDbAttribute
  2
ROOM
 70
1
 71
1
 72
0
 11
10.94
 21
6.625
 31
0.0
  0
ATTRIB
  5
347
330
17
100
AcDbEntity
  8
0
100
AcDbText
 10
11.120000000000001
 20
6.625
 30
0.0
 40
0.15000000000000002
  1
false
 50
90.0
 11
11.120000000000001
 21
6.625
 31
0.0
100
AcDbAttribute
  2
VERIFIED
 70
1
 71
1
 72
0
 11
11.120000000000001
 21
6.625
 31
0.0
  0
ATTRIB
  5
348
330
17
100
AcDbEntity
  8
0
100
AcDbText
 10
11.3
 20
6.625
 30
0.0
 40
0.15000000000000002
  1
s32
 50
90.0
 11
11.3
 21
6.625
 31
0.0
100
AcDbAttribute
  2
SYMBOL_ID
 70
1
 71
1
 72
0
 11
11.3
 21
6.625
 31
0.0
  0
SEQEND
  5
343
330
342
100
AcDbEntity
  8
E_Steckdosen
  0
INSERT
  5
349
330
17
100
AcDbEntity
  8
E_Steckdosen
100
AcDbBlockReference
 66
1
  2
E_SYM_SS2
 10
6.01
 20
8.4
 30
0.0
 41
0.1
 42
0.1
 43
0.1
 50
180.0
  0
ATTRIB
  5
34B
330
17
100
AcDbEntity
  8
0
100
AcDbText
 10
6.01
 20
8.58
 30
0.0
 40
0.15000000000000002
  1
SS2
 50
180.0
 11
6.01
 21
8.58
 31
0.0
100
AcDbAttribute
  2
CODE
 70
1
 71
1
 72
0
 11
6.01
 21
8.58
 31
0.0
  0
ATTRIB
  5
34C
330
17
100
AcDbEntity
  8
0
100
AcDbText
 10
6.01
 20
8.76
 30
0.0
 40
0.15000000000000002
  1
Schutzkontakt-Steckdose 2-fach
 50
180.0
 11
6.01
 21
8.76
 31
0.0
100
AcDbAttribute
  2
NAME_DE
 70
1
 71
1
 72
0
 11
6.01
 21
8.76
 31
0.0
  0
ATTRIB
  5
34D
330
17
100
AcDbEntity
  8
0
100
AcDbText
 10
6.01
 20
8.94
 30
0.0
 40
0.15000000000000002
  1
2OG-R3
 50
180.0
 11
6.01
 21
8.94
 31
0.0
100
AcDbAttribute
  2
ROOM
 70
1
 71
1
 72
0
 11
6.01
 21
8.94
 31
0.0
  0
ATTRIB
  5
34E
330
17
100
AcDbEntity
  8
0
100
AcDbText
 10
6.01
 20
9.120000000000001
 30
0.0
 40
0.15000000000000002
  1
false
 50
180.0
 11
6.01
 21
9.120000000000001
 31
0.0
100
AcDbAttribute
  2
VERIFIED
 70
1
 71
1
 72
0
 11
6.01
 21
9.120000000000001
 31
0.0
  0
ATTRIB
  5
34F
330
17
100
AcDbEntity
  8
0
100
AcDbText
 10
6.01
 20
9.3
 30
0.0
 40
0.15000000000000002
  1
s33
 50
180.0
 11
6.01
 21
9.3
 31
0.0
100
AcDbAttribute
  2
SYMBOL_ID
 70
1
 71
1
 72
0
 11
6.01
 21
9.3
 31
0.0
  0
SEQEND
  5
34A
330
349
100
AcDbEntity
  8
E_Steckdosen
  0
INSERT
  5
350
330
17
100
AcDbEntity
  8
E_Steckdosen
100
AcDbBlockReference
 66
1
  2
E_SYM_SS2
 10
5.72
 20
6.625
 30
0.0
 41
0.1
 42
0.1
 43
0.1
 50
270.0
  0
ATTRIB
  5
352
330
17
100
AcDbEntity
  8
0
100
AcDbText
 10
5.54
 20
6.625
 30
0.0
 40
0.15000000000000002
  1
SS2
 50
-90.00000000000001
 11
5.54
 21
6.625
 31
0.0
100
AcDbAttribute
  2
CODE
 70
1
 71
1
 72
0
 11
5.54
 21
6.625
 31
0.0
  0
ATTRIB
  5
353
330
17
100
AcDbEntity
  8
0
100
AcDbText
 10
5.359999999999999
 20
6.625
 30
0.0
 40
0.15000000000000002
  1
Schutzkontakt-Steckdose 2-fach
 50
-90.00000000000001
 11
5.359999999999999
 21
6.625
 31
0.0
100
AcDbAttribute
  2
NAME_DE
 70
1
 71
1
 72
0
 11
5.359999999999999
 21
6.625
 31
0.0
  0
ATTRIB
  5
354
330
17
100
AcDbEntity
  8
0
100
AcDbText
 10
5.18
 20
6.625
 30
0.0
 40
0.15000000000000002
  1
2OG-R3
 50
-90.00000000000001
 11
5.18
 21
6.625
 31
0.0
100
AcDbAttribute
  2
ROOM
 70
1
 71
1
 72
0
 11
5.18
 21
6.625
 31
0.0
  0
ATTRIB
  5
355
330
17
100
AcDbEntity
  8
0
100
AcDbText
 10
5.0
 20
6.625
 30
0.0
 40
0.15000000000000002
  1
false
 50
-90.00000000000001
 11
5.0
 21
6.625
 31
0.0
100
AcDbAttribute
  2
VERIFIED
 70
1
 71
1
 72
0
 11
5.0
 21
6.625
 31
0.0
  0
ATTRIB
  5
356
330
17
100
AcDbEntity
  8
0
100
AcDbText
 10
4.819999999999999
 20
6.625
 30
0.0
 40
0.15000000000000002
  1
s34
 50
-90.00000000000001
 11
4.819999999999999
 21
6.625
 31
0.0
100
AcDbAttribute
  2
SYMBOL_ID
 70
1
 71
1
 72
0
 11
4.819999999999999
 21
6.625
 31
0.0
  0
SEQEND
  5
351
330
350
100
AcDbEntity
  8
E_Steckdosen
  0
INSERT
  5
357
330
17
100
AcDbEntity
  8
E_Steckdosen
100
AcDbBlockReference
 66
1
  2
E_SYM_SS2
 10
8.51
 20
4.85
 30
0.0
 41
0.1
 42
0.1
 43
0.1
  0
ATTRIB
  5
359
330
17
100
AcDbEntity
  8
0
100
AcDbText
 10
8.51
 20
4.67
 30
0.0
 40
0.15000000000000002
  1
SS2
 11
8.51
 21
4.67
 31
0.0
100
AcDbAttribute
  2
CODE
 70
1
 71
1
 72
0
 11
8.51
 21
4.67
 31
0.0
  0
ATTRIB
  5
35A
330
17
100
AcDbEntity
  8
0
100
AcDbText
 10
8.51
 20
4.489999999999999
 30
0.0
 40
0.15000000000000002
  1
Schutzkontakt-Steckdose 2-fach
 11
8.51
 21
4.489999999999999
 31
0.0
100
AcDbAttribute
  2
NAME_DE
 70
1
 71
1
 72
0
 11
8.51
 21
4.489999999999999
 31
0.0
  0
ATTRIB
  5
35B
330
17
100
AcDbEntity
  8
0
100
AcDbText
 10
8.51
 20
4.31
 30
0.0
 40
0.15000000000000002
  1
2OG-R3
 11
8.51
 21
4.31
 31
0.0
100
AcDbAttribute
  2
ROOM
 70
1
 71
1
 72
0
 11
8.51
 21
4.31
 31
0.0
  0
ATTRIB
  5
35C
330
17
100
AcDbEntity
  8
0
100
AcDbText
 10
8.51
 20
4.13
 30
0.0
 40
0.15000000000000002
  1
false
 11
8.51
 21
4.13
 31
0.0
100
AcDbAttribute
  2
VERIFIED
 70
1
 71
1
 72
0
 11
8.51
 21
4.13
 31
0.0
  0
ATTRIB
  5
35D
330
17
100
AcDbEntity
  8
0
100
AcDbText
 10
8.51
 20
3.9499999999999997
 30
0.0
 40
0.15000000000000002
  1
s35
 11
8.51
 21
3.9499999999999997
 31
0.0
100
AcDbAttribute
  2
SYMBOL_ID
 70
1
 71
1
 72
0
 11
8.51
 21
3.9499999999999997
 31
0.0
  0
SEQEND
  5
358
330
357
100
AcDbEntity
  8
E_Steckdosen
  0
INSERT
  5
35E
330
17
100
AcDbEntity
  8
E_Licht
100
AcDbBlockReference
 66
1
  2
E_SYM_LD
 10
1.75
 20
2.25
 30
0.0
 41
0.1
 42
0.1
 43
0.1
  0
ATTRIB
  5
360
330
17
100
AcDbEntity
  8
0
100
AcDbText
 10
1.75
 20
2.07
 30
0.0
 40
0.15000000000000002
  1
LD
 11
1.75
 21
2.07
 31
0.0
100
AcDbAttribute
  2
CODE
 70
1
 71
1
 72
0
 11
1.75
 21
2.07
 31
0.0
  0
ATTRIB
  5
361
330
17
100
AcDbEntity
  8
0
100
AcDbText
 10
1.75
 20
1.8900000000000001
 30
0.0
 40
0.15000000000000002
  1
Deckenleuchte
 11
1.75
 21
1.8900000000000001
 31
0.0
100
AcDbAttribute
  2
NAME_DE
 70
1
 71
1
 72
0
 11
1.75
 21
1.8900000000000001
 31
0.0
  0
ATTRIB
  5
362
330
17
100
AcDbEntity
  8
0
100
AcDbText
 10
1.75
 20
1.71
 30
0.0
 40
0.15000000000000002
  1
2OG-R4
 11
1.75
 21
1.71
 31
0.0
100
AcDbAttribute
  2
ROOM
 70
1
 71
1
 72
0
 11
1.75
 21
1.71
 31
0.0
  0
ATTRIB
  5
363
330
17
100
AcDbEntity
  8
0
100
AcDbText
 10
1.75
 20
1.53
 30
0.0
 40
0.15000000000000002
  1
false
 11
1.75
 21
1.53
 31
0.0
100
AcDbAttribute
  2
VERIFIED
 70
1
 71
1
 72
0
 11
1.75
 21
1.53
 31
0.0
  0
ATTRIB
  5
364
330
17
100
AcDbEntity
  8
0
100
AcDbText
 10
1.75
 20
1.35
 30
0.0
 40
0.15000000000000002
  1
s36
 11
1.75
 21
1.35
 31
0.0
100
AcDbAttribute
  2
SYMBOL_ID
 70
1
 71
1
 72
0
 11
1.75
 21
1.35
 31
0.0
  0
SEQEND
  5
35F
330
35E
100
AcDbEntity
  8
E_Licht
  0
INSERT
  5
365
330
17
100
AcDbEntity
  8
E_Sicherheit
100
AcDbBlockReference
 66
1
  2
E_SYM_RM
 10
2.35
 20
2.25
 30
0.0
 41
0.1
 42
0.1
 43
0.1
  0
ATTRIB
  5
367
330
17
100
AcDbEntity
  8
0
100
AcDbText
 10
2.35
 20
2.07
 30
0.0
 40
0.15000000000000002
  1
RM
 11
2.35
 21
2.07
 31
0.0
100
AcDbAttribute
  2
CODE
 70
1
 71
1
 72
0
 11
2.35
 21
2.07
 31
0.0
  0
ATTRIB
  5
368
330
17
100
AcDbEntity
  8
0
100
AcDbText
 10
2.35
 20
1.8900000000000001
 30
0.0
 40
0.15000000000000002
  1
Rauchwarnmelder
 11
2.35
 21
1.8900000000000001
 31
0.0
100
AcDbAttribute
  2
NAME_DE
 70
1
 71
1
 72
0
 11
2.35
 21
1.8900000000000001
 31
0.0
  0
ATTRIB
  5
369
330
17
100
AcDbEntity
  8
0
100
AcDbText
 10
2.35
 20
1.71
 30
0.0
 40
0.15000000000000002
  1
2OG-R4
 11
2.35
 21
1.71
 31
0.0
100
AcDbAttribute
  2
ROOM
 70
1
 71
1
 72
0
 11
2.35
 21
1.71
 31
0.0
  0
ATTRIB
  5
36A
330
17
100
AcDbEntity
  8
0
100
AcDbText
 10
2.35
 20
1.53
 30
0.0
 40
0.15000000000000002
  1
false
 11
2.35
 21
1.53
 31
0.0
100
AcDbAttribute
  2
VERIFIED
 70
1
 71
1
 72
0
 11
2.35
 21
1.53
 31
0.0
  0
ATTRIB
  5
36B
330
17
100
AcDbEntity
  8
0
100
AcDbText
 10
2.35
 20
1.35
 30
0.0
 40
0.15000000000000002
  1
s37
 11
2.35
 21
1.35
 31
0.0
100
AcDbAttribute
  2
SYMBOL_ID
 70
1
 71
1
 72
0
 11
2.35
 21
1.35
 31
0.0
  0
SEQEND
  5
366
330
365
100
AcDbEntity
  8
E_Sicherheit
  0
INSERT
  5
36C
330
17
100
AcDbEntity
  8
E_Schalter
100
AcDbBlockReference
 66
1
  2
E_SYM_SW
 10
3.05
 20
4.4
 30
0.0
 41
0.1
 42
0.1
 43
0.1
  0
ATTRIB
  5
36E
330
17
100
AcDbEntity
  8
0
100
AcDbText
 10
3.05
 20
4.220000000000001
 30
0.0
 40
0.15000000000000002
  1
SW
 11
3.05
 21
4.220000000000001
 31
0.0
100
AcDbAttribute
  2
CODE
 70
1
 71
1
 72
0
 11
3.05
 21
4.220000000000001
 31
0.0
  0
ATTRIB
  5
36F
330
17
100
AcDbEntity
  8
0
100
AcDbText
 10
3.05
 20
4.04
 30
0.0
 40
0.15000000000000002
  1
Wechselschalter
 11
3.05
 21
4.04
 31
0.0
100
AcDbAttribute
  2
NAME_DE
 70
1
 71
1
 72
0
 11
3.05
 21
4.04
 31
0.0
  0
ATTRIB
  5
370
330
17
100
AcDbEntity
  8
0
100
AcDbText
 10
3.05
 20
3.8600000000000003
 30
0.0
 40
0.15000000000000002
  1
2OG-R4
 11
3.05
 21
3.8600000000000003
 31
0.0
100
AcDbAttribute
  2
ROOM
 70
1
 71
1
 72
0
 11
3.05
 21
3.8600000000000003
 31
0.0
  0
ATTRIB
  5
371
330
17
100
AcDbEntity
  8
0
100
AcDbText
 10
3.05
 20
3.6800000000000006
 30
0.0
 40
0.15000000000000002
  1
false
 11
3.05
 21
3.6800000000000006
 31
0.0
100
AcDbAttribute
  2
VERIFIED
 70
1
 71
1
 72
0
 11
3.05
 21
3.6800000000000006
 31
0.0
  0
ATTRIB
  5
372
330
17
100
AcDbEntity
  8
0
100
AcDbText
 10
3.05
 20
3.5000000000000004
 30
0.0
 40
0.15000000000000002
  1
s38
 11
3.05
 21
3.5000000000000004
 31
0.0
100
AcDbAttribute
  2
SYMBOL_ID
 70
1
 71
1
 72
0
 11
3.05
 21
3.5000000000000004
 31
0.0
  0
SEQEND
  5
36D
330
36C
100
AcDbEntity
  8
E_Schalter
  0
INSERT
  5
373
330
17
100
AcDbEntity
  8
E_Schalter
100
AcDbBlockReference
 66
1
  2
E_SYM_SW
 10
3.35
 20
2.65
 30
0.0
 41
0.1
 42
0.1
 43
0.1
  0
ATTRIB
  5
375
330
17
100
AcDbEntity
  8
0
100
AcDbText
 10
3.35
 20
2.4699999999999998
 30
0.0
 40
0.15000000000000002
  1
SW
 11
3.35
 21
2.4699999999999998
 31
0.0
100
AcDbAttribute
  2
CODE
 70
1
 71
1
 72
0
 11
3.35
 21
2.4699999999999998
 31
0.0
  0
ATTRIB
  5
376
330
17
100
AcDbEntity
  8
0
100
AcDbText
 10
3.35
 20
2.29
 30
0.0
 40
0.15000000000000002
  1
Wechselschalter
 11
3.35
 21
2.29
 31
0.0
100
AcDbAttribute
  2
NAME_DE
 70
1
 71
1
 72
0
 11
3.35
 21
2.29
 31
0.0
  0
ATTRIB
  5
377
330
17
100
AcDbEntity
  8
0
100
AcDbText
 10
3.35
 20
2.11
 30
0.0
 40
0.15000000000000002
  1
2OG-R4
 11
3.35
 21
2.11
 31
0.0
100
AcDbAttribute
  2
ROOM
 70
1
 71
1
 72
0
 11
3.35
 21
2.11
 31
0.0
  0
ATTRIB
  5
378
330
17
100
AcDbEntity
  8
0
100
AcDbText
 10
3.35
 20
1.93
 30
0.0
 40
0.15000000000000002
  1
false
 11
3.35
 21
1.93
 31
0.0
100
AcDbAttribute
  2
VERIFIED
 70
1
 71
1
 72
0
 11
3.35
 21
1.93
 31
0.0
  0
ATTRIB
  5
379
330
17
100
AcDbEntity
  8
0
100
AcDbText
 10
3.35
 20
1.75
 30
0.0
 40
0.15000000000000002
  1
s39
 11
3.35
 21
1.75
 31
0.0
100
AcDbAttribute
  2
SYMBOL_ID
 70
1
 71
1
 72
0
 11
3.35
 21
1.75
 31
0.0
  0
SEQEND
  5
374
330
373
100
AcDbEntity
  8
E_Schalter
  0
INSERT
  5
37A
330
17
100
AcDbEntity
  8
E_Steckdosen
100
AcDbBlockReference
 66
1
  2
E_SYM_SS2
 10
3.4
 20
1.4
 30
0.0
 41
0.1
 42
0.1
 43
0.1
 50
90.0
  0
ATTRIB
  5
37C
330
17
100
AcDbEntity
  8
0
100
AcDbText
 10
3.58
 20
1.4
 30
0.0
 40
0.15000000000000002
  1
SS2
 50
90.0
 11
3.58
 21
1.4
 31
0.0
100
AcDbAttribute
  2
CODE
 70
1
 71
1
 72
0
 11
3.58
 21
1.4
 31
0.0
  0
ATTRIB
  5
37D
330
17
100
AcDbEntity
  8
0
100
AcDbText
 10
3.76
 20
1.4
 30
0.0
 40
0.15000000000000002
  1
Schutzkontakt-Steckdose 2-fach
 50
90.0
 11
3.76
 21
1.4
 31
0.0
100
AcDbAttribute
  2
NAME_DE
 70
1
 71
1
 72
0
 11
3.76
 21
1.4
 31
0.0
  0
ATTRIB
  5
37E
330
17
100
AcDbEntity
  8
0
100
AcDbText
 10
3.94
 20
1.4
 30
0.0
 40
0.15000000000000002
  1
2OG-R4
 50
90.0
 11
3.94
 21
1.4
 31
0.0
100
AcDbAttribute
  2
ROOM
 70
1
 71
1
 72
0
 11
3.94
 21
1.4
 31
0.0
  0
ATTRIB
  5
37F
330
17
100
AcDbEntity
  8
0
100
AcDbText
 10
4.12
 20
1.4
 30
0.0
 40
0.15000000000000002
  1
false
 50
90.0
 11
4.12
 21
1.4
 31
0.0
100
AcDbAttribute
  2
VERIFIED
 70
1
 71
1
 72
0
 11
4.12
 21
1.4
 31
0.0
  0
ATTRIB
  5
380
330
17
100
AcDbEntity
  8
0
100
AcDbText
 10
4.3
 20
1.4
 30
0.0
 40
0.15000000000000002
  1
s40
 50
90.0
 11
4.3
 21
1.4
 31
0.0
100
AcDbAttribute
  2
SYMBOL_ID
 70
1
 71
1
 72
0
 11
4.3
 21
1.4
 31
0.0
  0
SEQEND
  5
37B
330
37A
100
AcDbEntity
  8
E_Steckdosen
  0
INSERT
  5
381
330
17
100
AcDbEntity
  8
E_Steckdosen
100
AcDbBlockReference
 66
1
  2
E_SYM_SS2
 10
3.4
 20
4.05
 30
0.0
 41
0.1
 42
0.1
 43
0.1
 50
90.0
  0
ATTRIB
  5
383
330
17
100
AcDbEntity
  8
0
100
AcDbText
 10
3.58
 20
4.05
 30
0.0
 40
0.15000000000000002
  1
SS2
 50
90.0
 11
3.58
 21
4.05
 31
0.0
100
AcDbAttribute
  2
CODE
 70
1
 71
1
 72
0
 11
3.58
 21
4.05
 31
0.0
  0
ATTRIB
  5
384
330
17
100
AcDbEntity
  8
0
100
AcDbText
 10
3.76
 20
4.05
 30
0.0
 40
0.15000000000000002
  1
Schutzkontakt-Steckdose 2-fach
 50
90.0
 11
3.76
 21
4.05
 31
0.0
100
AcDbAttribute
  2
NAME_DE
 70
1
 71
1
 72
0
 11
3.76
 21
4.05
 31
0.0
  0
ATTRIB
  5
385
330
17
100
AcDbEntity
  8
0
100
AcDbText
 10
3.94
 20
4.05
 30
0.0
 40
0.15000000000000002
  1
2OG-R4
 50
90.0
 11
3.94
 21
4.05
 31
0.0
100
AcDbAttribute
  2
ROOM
 70
1
 71
1
 72
0
 11
3.94
 21
4.05
 31
0.0
  0
ATTRIB
  5
386
330
17
100
AcDbEntity
  8
0
100
AcDbText
 10
4.12
 20
4.05
 30
0.0
 40
0.15000000000000002
  1
false
 50
90.0
 11
4.12
 21
4.05
 31
0.0
100
AcDbAttribute
  2
VERIFIED
 70
1
 71
1
 72
0
 11
4.12
 21
4.05
 31
0.0
  0
ATTRIB
  5
387
330
17
100
AcDbEntity
  8
0
100
AcDbText
 10
4.3
 20
4.05
 30
0.0
 40
0.15000000000000002
  1
s41
 50
90.0
 11
4.3
 21
4.05
 31
0.0
100
AcDbAttribute
  2
SYMBOL_ID
 70
1
 71
1
 72
0
 11
4.3
 21
4.05
 31
0.0
  0
SEQEND
  5
382
330
381
100
AcDbEntity
  8
E_Steckdosen
  0
INSERT
  5
388
330
17
100
AcDbEntity
  8
E_Steckdosen
100
AcDbBlockReference
 66
1
  2
E_SYM_SS2
 10
3.2
 20
4.4
 30
0.0
 41
0.1
 42
0.1
 43
0.1
 50
180.0
  0
ATTRIB
  5
38A
330
17
100
AcDbEntity
  8
0
100
AcDbText
 10
3.2
 20
4.58
 30
0.0
 40
0.15000000000000002
  1
SS2
 50
180.0
 11
3.2
 21
4.58
 31
0.0
100
AcDbAttribute
  2
CODE
 70
1
 71
1
 72
0
 11
3.2
 21
4.58
 31
0.0
  0
ATTRIB
  5
38B
330
17
100
AcDbEntity
  8
0
100
AcDbText
 10
3.2
 20
4.760000000000001
 30
0.0
 40
0.15000000000000002
  1
Schutzkontakt-Steckdose 2-fach
 50
180.0
 11
3.2
 21
4.760000000000001
 31
0.0
100
AcDbAttribute
  2
NAME_DE
 70
1
 71
1
 72
0
 11
3.2
 21
4.760000000000001
 31
0.0
  0
ATTRIB
  5
38C
330
17
100
AcDbEntity
  8
0
100
AcDbText
 10
3.2
 20
4.94
 30
0.0
 40
0.15000000000000002
  1
2OG-R4
 50
180.0
 11
3.2
 21
4.94
 31
0.0
100
AcDbAttribute
  2
ROOM
 70
1
 71
1
 72
0
 11
3.2
 21
4.94
 31
0.0
  0
ATTRIB
  5
38D
330
17
100
AcDbEntity
  8
0
100
AcDbText
 10
3.2
 20
5.12
 30
0.0
 40
0.15000000000000002
  1
false
 50
180.0
 11
3.2
 21
5.12
 31
0.0
100
AcDbAttribute
  2
VERIFIED
 70
1
 71
1
 72
0
 11
3.2
 21
5.12
 31
0.0
  0
ATTRIB
  5
38E
330
17
100
AcDbEntity
  8
0
100
AcDbText
 10
3.2
 20
5.300000000000001
 30
0.0
 40
0.15000000000000002
  1
s42
 50
180.0
 11
3.2
 21
5.300000000000001
 31
0.0
100
AcDbAttribute
  2
SYMBOL_ID
 70
1
 71
1
 72
0
 11
3.2
 21
5.300000000000001
 31
0.0
  0
SEQEND
  5
389
330
388
100
AcDbEntity
  8
E_Steckdosen
  0
INSERT
  5
38F
330
17
100
AcDbEntity
  8
E_Steckdosen
100
AcDbBlockReference
 66
1
  2
E_SYM_SS2
 10
1.0
 20
4.4
 30
0.0
 41
0.1
 42
0.1
 43
0.1
 50
180.0
  0
ATTRIB
  5
391
330
17
100
AcDbEntity
  8
0
100
AcDbText
 10
1.0
 20
4.58
 30
0.0
 40
0.15000000000000002
  1
SS2
 50
180.0
 11
1.0
 21
4.58
 31
0.0
100
AcDbAttribute
  2
CODE
 70
1
 71
1
 72
0
 11
1.0
 21
4.58
 31
0.0
  0
ATTRIB
  5
392
330
17
100
AcDbEntity
  8
0
100
AcDbText
 10
1.0
 20
4.760000000000001
 30
0.0
 40
0.15000000000000002
  1
Schutzkontakt-Steckdose 2-fach
 50
180.0
 11
1.0
 21
4.760000000000001
 31
0.0
100
AcDbAttribute
  2
NAME_DE
 70
1
 71
1
 72
0
 11
1.0
 21
4.760000000000001
 31
0.0
  0
ATTRIB
  5
393
330
17
100
AcDbEntity
  8
0
100
AcDbText
 10
1.0
 20
4.94
 30
0.0
 40
0.15000000000000002
  1
2OG-R4
 50
180.0
 11
1.0
 21
4.94
 31
0.0
100
AcDbAttribute
  2
ROOM
 70
1
 71
1
 72
0
 11
1.0
 21
4.94
 31
0.0
  0
ATTRIB
  5
394
330
17
100
AcDbEntity
  8
0
100
AcDbText
 10
1.0
 20
5.12
 30
0.0
 40
0.15000000000000002
  1
false
 50
180.0
 11
1.0
 21
5.12
 31
0.0
100
AcDbAttribute
  2
VERIFIED
 70
1
 71
1
 72
0
 11
1.0
 21
5.12
 31
0.0
  0
ATTRIB
  5
395
330
17
100
AcDbEntity
  8
0
100
AcDbText
 10
1.0
 20
5.300000000000001
 30
0.0
 40
0.15000000000000002
  1
s43
 50
180.0
 11
1.0
 21
5.300000000000001
 31
0.0
100
AcDbAttribute
  2
SYMBOL_ID
 70
1
 71
1
 72
0
 11
1.0
 21
5.300000000000001
 31
0.0
  0
SEQEND
  5
390
330
38F
100
AcDbEntity
  8
E_Steckdosen
  0
INSERT
  5
396
330
17
100
AcDbEntity
  8
E_Steckdosen
100
AcDbBlockReference
 66
1
  2
E_SYM_SS2
 10
0.1
 20
2.25
 30
0.0
 41
0.1
 42
0.1
 43
0.1
 50
270.0
  0
ATTRIB
  5
398
330
17
100
AcDbEntity
  8
0
100
AcDbText
 10
-0.07999999999999999
 20
2.25
 30
0.0
 40
0.15000000000000002
  1
SS2
 50
-90.00000000000001
 11
-0.07999999999999999
 21
2.25
 31
0.0
100
AcDbAttribute
  2
CODE
 70
1
 71
1
 72
0
 11
-0.07999999999999999
 21
2.25
 31
0.0
  0
ATTRIB
  5
399
330
17
100
AcDbEntity
  8
0
100
AcDbText
 10
-0.26
 20
2.25
 30
0.0
 40
0.15000000000000002
  1
Schutzkontakt-Steckdose 2-fach
 50
-90.00000000000001
 11
-0.26
 21
2.25
 31
0.0
100
AcDbAttribute
  2
NAME_DE
 70
1
 71
1
 72
0
 11
-0.26
 21
2.25
 31
0.0
  0
ATTRIB
  5
39A
330
17
100
AcDbEntity
  8
0
100
AcDbText
 10
-0.43999999999999995
 20
2.25
 30
0.0
 40
0.15000000000000002
  1
2OG-R4
 50
-90.00000000000001
 11
-0.43999999999999995
 21
2.25
 31
0.0
100
AcDbAttribute
  2
ROOM
 70
1
 71
1
 72
0
 11
-0.43999999999999995
 21
2.25
 31
0.0
  0
ATTRIB
  5
39B
330
17
100
AcDbEntity
  8
0
100
AcDbText
 10
-0.62
 20
2.25
 30
0.0
 40
0.15000000000000002
  1
false
 50
-90.00000000000001
 11
-0.62
 21
2.25
 31
0.0
100
AcDbAttribute
  2
VERIFIED
 70
1
 71
1
 72
0
 11
-0.62
 21
2.25
 31
0.0
  0
ATTRIB
  5
39C
330
17
100
AcDbEntity
  8
0
100
AcDbText
 10
-0.8
 20
2.25
 30
0.0
 40
0.15000000000000002
  1
s44
 50
-90.00000000000001
 11
-0.8
 21
2.25
 31
0.0
100
AcDbAttribute
  2
SYMBOL_ID
 70
1
 71
1
 72
0
 11
-0.8
 21
2.25
 31
0.0
  0
SEQEND
  5
397
330
396
100
AcDbEntity
  8
E_Steckdosen
  0
INSERT
  5
39D
330
17
100
AcDbEntity
  8
E_Steckdosen
100
AcDbBlockReference
 66
1
  2
E_SYM_SS2
 10
0.5
 20
0.1
 30
0.0
 41
0.1
 42
0.1
 43
0.1
  0
ATTRIB
  5
39F
330
17
100
AcDbEntity
  8
0
100
AcDbText
 10
0.5
 20
-0.07999999999999999
 30
0.0
 40
0.15000000000000002
  1
SS2
 11
0.5
 21
-0.07999999999999999
 31
0.0
100
AcDbAttribute
  2
CODE
 70
1
 71
1
 72
0
 11
0.5
 21
-0.07999999999999999
 31
0.0
  0
ATTRIB
  5
3A0
330
17
100
AcDbEntity
  8
0
100
AcDbText
 10
0.5
 20
-0.26
 30
0.0
 40
0.15000000000000002
  1
Schutzkontakt-Steckdose 2-fach
 11
0.5
 21
-0.26
 31
0.0
100
AcDbAttribute
  2
NAME_DE
 70
1
 71
1
 72
0
 11
0.5
 21
-0.26
 31
0.0
  0
ATTRIB
  5
3A1
330
17
100
AcDbEntity
  8
0
100
AcDbText
 10
0.5
 20
-0.43999999999999995
 30
0.0
 40
0.15000000000000002
  1
2OG-R4
 11
0.5
 21
-0.43999999999999995
 31
0.0
100
AcDbAttribute
  2
ROOM
 70
1
 71
1
 72
0
 11
0.5
 21
-0.43999999999999995
 31
0.0
  0
ATTRIB
  5
3A2
330
17
100
AcDbEntity
  8
0
100
AcDbText
 10
0.5
 20
-0.62
 30
0.0
 40
0.15000000000000002
  1
false
 11
0.5
 21
-0.62
 31
0.0
100
AcDbAttribute
  2
VERIFIED
 70
1
 71
1
 72
0
 11
0.5
 21
-0.62
 31
0.0
  0
ATTRIB
  5
3A3
330
17
100
AcDbEntity
  8
0
100
AcDbText
 10
0.5
 20
-0.8
 30
0.0
 40
0.15000000000000002
  1
s45
 11
0.5
 21
-0.8
 31
0.0
100
AcDbAttribute
  2
SYMBOL_ID
 70
1
 71
1
 72
0
 11
0.5
 21
-0.8
 31
0.0
  0
SEQEND
  5
39E
330
39D
100
AcDbEntity
  8
E_Steckdosen
  0
INSERT
  5
3A4
330
17
100
AcDbEntity
  8
E_Steckdosen
100
AcDbBlockReference
 66
1
  2
E_SYM_SS2
 10
3.05
 20
0.1
 30
0.0
 41
0.1
 42
0.1
 43
0.1
  0
ATTRIB
  5
3A6
330
17
100
AcDbEntity
  8
0
100
AcDbText
 10
3.05
 20
-0.07999999999999999
 30
0.0
 40
0.15000000000000002
  1
SS2
 11
3.05
 21
-0.07999999999999999
 31
0.0
100
AcDbAttribute
  2
CODE
 70
1
 71
1
 72
0
 11
3.05
 21
-0.07999999999999999
 31
0.0
  0
ATTRIB
  5
3A7
330
17
100
AcDbEntity
  8
0
100
AcDbText
 10
3.05
 20
-0.26
 30
0.0
 40
0.15000000000000002
  1
Schutzkontakt-Steckdose 2-fach
 11
3.05
 21
-0.26
 31
0.0
100
AcDbAttribute
  2
NAME_DE
 70
1
 71
1
 72
0
 11
3.05
 21
-0.26
 31
0.0
  0
ATTRIB
  5
3A8
330
17
100
AcDbEntity
  8
0
100
AcDbText
 10
3.05
 20
-0.43999999999999995
 30
0.0
 40
0.15000000000000002
  1
2OG-R4
 11
3.05
 21
-0.43999999999999995
 31
0.0
100
AcDbAttribute
  2
ROOM
 70
1
 71
1
 72
0
 11
3.05
 21
-0.43999999999999995
 31
0.0
  0
ATTRIB
  5
3A9
330
17
100
AcDbEntity
  8
0
100
AcDbText
 10
3.05
 20
-0.62
 30
0.0
 40
0.15000000000000002
  1
false
 11
3.05
 21
-0.62
 31
0.0
100
AcDbAttribute
  2
VERIFIED
 70
1
 71
1
 72
0
 11
3.05
 21
-0.62
 31
0.0
  0
ATTRIB
  5
3AA
330
17
100
AcDbEntity
  8
0
100
AcDbText
 10
3.05
 20
-0.8
 30
0.0
 40
0.15000000000000002
  1
s46
 11
3.05
 21
-0.8
 31
0.0
100
AcDbAttribute
  2
SYMBOL_ID
 70
1
 71
1
 72
0
 11
3.05
 21
-0.8
 31
0.0
  0
SEQEND
  5
3A5
330
3A4
100
AcDbEntity
  8
E_Steckdosen
  0
INSERT
  5
3AB
330
17
100
AcDbEntity
  8
E_Kueche_Geraete
100
AcDbBlockReference
 66
1
  2
E_SYM_HE
 10
3.4
 20
0.3
 30
0.0
 41
0.1
 42
0.1
 43
0.1
 50
90.0
  0
ATTRIB
  5
3AD
330
17
100
AcDbEntity
  8
0
100
AcDbText
 10
3.58
 20
0.3
 30
0.0
 40
0.15000000000000002
  1
HE
 50
90.0
 11
3.58
 21
0.3
 31
0.0
100
AcDbAttribute
  2
CODE
 70
1
 71
1
 72
0
 11
3.58
 21
0.3
 31
0.0
  0
ATTRIB
  5
3AE
330
17
100
AcDbEntity
  8
0
100
AcDbText
 10
3.76
 20
0.3
 30
0.0
 40
0.15000000000000002
  1
Herdanschluss 400 V
 50
90.0
 11
3.76
 21
0.3
 31
0.0
100
AcDbAttribute
  2
NAME_DE
 70
1
 71
1
 72
0
 11
3.76
 21
0.3
 31
0.0
  0
ATTRIB
  5
3AF
330
17
100
AcDbEntity
  8
0
100
AcDbText
 10
3.94
 20
0.29999999999999993
 30
0.0
 40
0.15000000000000002
  1
2OG-R4
 50
90.0
 11
3.94
 21
0.29999999999999993
 31
0.0
100
AcDbAttribute
  2
ROOM
 70
1
 71
1
 72
0
 11
3.94
 21
0.29999999999999993
 31
0.0
  0
ATTRIB
  5
3B0
330
17
100
AcDbEntity
  8
0
100
AcDbText
 10
4.12
 20
0.29999999999999993
 30
0.0
 40
0.15000000000000002
  1
false
 50
90.0
 11
4.12
 21
0.29999999999999993
 31
0.0
100
AcDbAttribute
  2
VERIFIED
 70
1
 71
1
 72
0
 11
4.12
 21
0.29999999999999993
 31
0.0
  0
ATTRIB
  5
3B1
330
17
100
AcDbEntity
  8
0
100
AcDbText
 10
4.3
 20
0.29999999999999993
 30
0.0
 40
0.15000000000000002
  1
s47
 50
90.0
 11
4.3
 21
0.29999999999999993
 31
0.0
100
AcDbAttribute
  2
SYMBOL_ID
 70
1
 71
1
 72
0
 11
4.3
 21
0.29999999999999993
 31
0.0
  0
SEQEND
  5
3AC
330
3AB
100
AcDbEntity
  8
E_Kueche_Geraete
  0
INSERT
  5
3B2
330
17
100
AcDbEntity
  8
E_Kueche_Geraete
100
AcDbBlockReference
 66
1
  2
E_SYM_GS
 10
3.4
 20
0.9
 30
0.0
 41
0.1
 42
0.1
 43
0.1
 50
90.0
  0
ATTRIB
  5
3B4
330
17
100
AcDbEntity
  8
0
100
AcDbText
 10
3.58
 20
0.9
 30
0.0
 40
0.15000000000000002
  1
GS
 50
90.0
 11
3.58
 21
0.9
 31
0.0
100
AcDbAttribute
  2
CODE
 70
1
 71
1
 72
0
 11
3.58
 21
0.9
 31
0.0
  0
ATTRIB
  5
3B5
330
17
100
AcDbEntity
  8
0
100
AcDbText
 10
3.76
 20
0.9
 30
0.0
 40
0.15000000000000002
  1
Steckdose Geschirrspüler
 50
90.0
 11
3.76
 21
0.9
 31
0.0
100
AcDbAttribute
  2
NAME_DE
 70
1
 71
1
 72
0
 11
3.76
 21
0.9
 31
0.0
  0
ATTRIB
  5
3B6
330
17
100
AcDbEntity
  8
0
100
AcDbText
 10
3.94
 20
0.9
 30
0.0
 40
0.15000000000000002
  1
2OG-R4
 50
90.0
 11
3.94
 21
0.9
 31
0.0
100
AcDbAttribute
  2
ROOM
 70
1
 71
1
 72
0
 11
3.94
 21
0.9
 31
0.0
  0
ATTRIB
  5
3B7
330
17
100
AcDbEntity
  8
0
100
AcDbText
 10
4.12
 20
0.9
 30
0.0
 40
0.15000000000000002
  1
false
 50
90.0
 11
4.12
 21
0.9
 31
0.0
100
AcDbAttribute
  2
VERIFIED
 70
1
 71
1
 72
0
 11
4.12
 21
0.9
 31
0.0
  0
ATTRIB
  5
3B8
330
17
100
AcDbEntity
  8
0
100
AcDbText
 10
4.3
 20
0.9
 30
0.0
 40
0.15000000000000002
  1
s48
 50
90.0
 11
4.3
 21
0.9
 31
0.0
100
AcDbAttribute
  2
SYMBOL_ID
 70
1
 71
1
 72
0
 11
4.3
 21
0.9
 31
0.0
  0
SEQEND
  5
3B3
330
3B2
100
AcDbEntity
  8
E_Kueche_Geraete
  0
INSERT
  5
3B9
330
17
100
AcDbEntity
  8
E_Kueche_Geraete
100
AcDbBlockReference
 66
1
  2
E_SYM_BO
 10
3.4
 20
1.5
 30
0.0
 41
0.1
 42
0.1
 43
0.1
 50
90.0
  0
ATTRIB
  5
3BB
330
17
100
AcDbEntity
  8
0
100
AcDbText
 10
3.58
 20
1.5
 30
0.0
 40
0.15000000000000002
  1
BO
 50
90.0
 11
3.58
 21
1.5
 31
0.0
100
AcDbAttribute
  2
CODE
 70
1
 71
1
 72
0
 11
3.58
 21
1.5
 31
0.0
  0
ATTRIB
  5
3BC
330
17
100
AcDbEntity
  8
0
100
AcDbText
 10
3.76
 20
1.5
 30
0.0
 40
0.15000000000000002
  1
Anschluss Backofen
 50
90.0
 11
3.76
 21
1.5
 31
0.0
100
AcDbAttribute
  2
NAME_DE
 70
1
 71
1
 72
0
 11
3.76
 21
1.5
 31
0.0
  0
ATTRIB
  5
3BD
330
17
100
AcDbEntity
  8
0
100
AcDbText
 10
3.94
 20
1.5
 30
0.0
 40
0.15000000000000002
  1
2OG-R4
 50
90.0
 11
3.94
 21
1.5
 31
0.0
100
AcDbAttribute
  2
ROOM
 70
1
 71
1
 72
0
 11
3.94
 21
1.5
 31
0.0
  0
ATTRIB
  5
3BE
330
17
100
AcDbEntity
  8
0
100
AcDbText
 10
4.12
 20
1.5
 30
0.0
 40
0.15000000000000002
  1
false
 50
90.0
 11
4.12
 21
1.5
 31
0.0
100
AcDbAttribute
  2
VERIFIED
 70
1
 71
1
 72
0
 11
4.12
 21
1.5
 31
0.0
  0
ATTRIB
  5
3BF
330
17
100
AcDbEntity
  8
0
100
AcDbText
 10
4.3
 20
1.5
 30
0.0
 40
0.15000000000000002
  1
s49
 50
90.0
 11
4.3
 21
1.5
 31
0.0
100
AcDbAttribute
  2
SYMBOL_ID
 70
1
 71
1
 72
0
 11
4.3
 21
1.5
 31
0.0
  0
SEQEND
  5
3BA
330
3B9
100
AcDbEntity
  8
E_Kueche_Geraete
  0
INSERT
  5
3C0
330
17
100
AcDbEntity
  8
E_Kueche_Geraete
100
AcDbBlockReference
 66
1
  2
E_SYM_KS
 10
3.4
 20
2.1
 30
0.0
 41
0.1
 42
0.1
 43
0.1
 50
90.0
  0
ATTRIB
  5
3C2
330
17
100
AcDbEntity
  8
0
100
AcDbText
 10
3.58
 20
2.1
 30
0.0
 40
0.15000000000000002
  1
KS
 50
90.0
 11
3.58
 21
2.1
 31
0.0
100
AcDbAttribute
  2
CODE
 70
1
 71
1
 72
0
 11
3.58
 21
2.1
 31
0.0
  0
ATTRIB
  5
3C3
330
17
100
AcDbEntity
  8
0
100
AcDbText
 10
3.76
 20
2.1
 30
0.0
 40
0.15000000000000002
  1
Steckdose Kühlschrank
 50
90.0
 11
3.76
 21
2.1
 31
0.0
100
AcDbAttribute
  2
NAME_DE
 70
1
 71
1
 72
0
 11
3.76
 21
2.1
 31
0.0
  0
ATTRIB
  5
3C4
330
17
100
AcDbEntity
  8
0
100
AcDbText
 10
3.94
 20
2.1
 30
0.0
 40
0.15000000000000002
  1
2OG-R4
 50
90.0
 11
3.94
 21
2.1
 31
0.0
100
AcDbAttribute
  2
ROOM
 70
1
 71
1
 72
0
 11
3.94
 21
2.1
 31
0.0
  0
ATTRIB
  5
3C5
330
17
100
AcDbEntity
  8
0
100
AcDbText
 10
4.12
 20
2.1
 30
0.0
 40
0.15000000000000002
  1
false
 50
90.0
 11
4.12
 21
2.1
 31
0.0
100
AcDbAttribute
  2
VERIFIED
 70
1
 71
1
 72
0
 11
4.12
 21
2.1
 31
0.0
  0
ATTRIB
  5
3C6
330
17
100
AcDbEntity
  8
0
100
AcDbText
 10
4.3
 20
2.1
 30
0.0
 40
0.15000000000000002
  1
s50
 50
90.0
 11
4.3
 21
2.1
 31
0.0
100
AcDbAttribute
  2
SYMBOL_ID
 70
1
 71
1
 72
0
 11
4.3
 21
2.1
 31
0.0
  0
SEQEND
  5
3C1
330
3C0
100
AcDbEntity
  8
E_Kueche_Geraete
  0
INSERT
  5
3C7
330
17
100
AcDbEntity
  8
E_Kueche_Geraete
100
AcDbBlockReference
 66
1
  2
E_SYM_HE
 10
3.4
 20
3.9
 30
0.0
 41
0.1
 42
0.1
 43
0.1
 50
90.0
  0
ATTRIB
  5
3C9
330
17
100
AcDbEntity
  8
0
100
AcDbText
 10
3.58
 20
3.9
 30
0.0
 40
0.15000000000000002
  1
HE
 50
90.0
 11
3.58
 21
3.9
 31
0.0
100
AcDbAttribute
  2
CODE
 70
1
 71
1
 72
0
 11
3.58
 21
3.9
 31
0.0
  0
ATTRIB
  5
3CA
330
17
100
AcDbEntity
  8
0
100
AcDbText
 10
3.76
 20
3.9
 30
0.0
 40
0.15000000000000002
  1
Herdanschluss 400 V
 50
90.0
 11
3.76
 21
3.9
 31
0.0
100
AcDbAttribute
  2
NAME_DE
 70
1
 71
1
 72
0
 11
3.76
 21
3.9
 31
0.0
  0
ATTRIB
  5
3CB
330
17
100
AcDbEntity
  8
0
100
AcDbText
 10
3.94
 20
3.9
 30
0.0
 40
0.15000000000000002
  1
2OG-R4
 50
90.0
 11
3.94
 21
3.9
 31
0.0
100
AcDbAttribute
  2
ROOM
 70
1
 71
1
 72
0
 11
3.94
 21
3.9
 31
0.0
  0
ATTRIB
  5
3CC
330
17
100
AcDbEntity
  8
0
100
AcDbText
 10
4.12
 20
3.9
 30
0.0
 40
0.15000000000000002
  1
false
 50
90.0
 11
4.12
 21
3.9
 31
0.0
100
AcDbAttribute
  2
VERIFIED
 70
1
 71
1
 72
0
 11
4.12
 21
3.9
 31
0.0
  0
ATTRIB
  5
3CD
330
17
100
AcDbEntity
  8
0
100
AcDbText
 10
4.3
 20
3.9
 30
0.0
 40
0.15000000000000002
  1
s51
 50
90.0
 11
4.3
 21
3.9
 31
0.0
100
AcDbAttribute
  2
SYMBOL_ID
 70
1
 71
1
 72
0
 11
4.3
 21
3.9
 31
0.0
  0
SEQEND
  5
3C8
330
3C7
100
AcDbEntity
  8
E_Kueche_Geraete
  0
INSERT
  5
3CE
330
17
100
AcDbEntity
  8
E_Kueche_Geraete
100
AcDbBlockReference
 66
1
  2
E_SYM_GS
 10
3.2
 20
4.4
 30
0.0
 41
0.1
 42
0.1
 43
0.1
 50
180.0
  0
ATTRIB
  5
3D0
330
17
100
AcDbEntity
  8
0
100
AcDbText
 10
3.2
 20
4.58
 30
0.0
 40
0.15000000000000002
  1
GS
 50
180.0
 11
3.2
 21
4.58
 31
0.0
100
AcDbAttribute
  2
CODE
 70
1
 71
1
 72
0
 11
3.2
 21
4.58
 31
0.0
  0
ATTRIB
  5
3D1
330
17
100
AcDbEntity
  8
0
100
AcDbText
 10
3.2
 20
4.760000000000001
 30
0.0
 40
0.15000000000000002
  1
Steckdose Geschirrspüler
 50
180.0
 11
3.2
 21
4.760000000000001
 31
0.0
100
AcDbAttribute
  2
NAME_DE
 70
1
 71
1
 72
0
 11
3.2
 21
4.760000000000001
 31
0.0
  0
ATTRIB
  5
3D2
330
17
100
AcDbEntity
  8
0
100
AcDbText
 10
3.2
 20
4.94
 30
0.0
 40
0.15000000000000002
  1
2OG-R4
 50
180.0
 11
3.2
 21
4.94
 31
0.0
100
AcDbAttribute
  2
ROOM
 70
1
 71
1
 72
0
 11
3.2
 21
4.94
 31
0.0
  0
ATTRIB
  5
3D3
330
17
100
AcDbEntity
  8
0
100
AcDbText
 10
3.2
 20
5.12
 30
0.0
 40
0.15000000000000002
  1
false
 50
180.0
 11
3.2
 21
5.12
 31
0.0
100
AcDbAttribute
  2
VERIFIED
 70
1
 71
1
 72
0
 11
3.2
 21
5.12
 31
0.0
  0
ATTRIB
  5
3D4
330
17
100
AcDbEntity
  8
0
100
AcDbText
 10
3.2
 20
5.300000000000001
 30
0.0
 40
0.15000000000000002
  1
s52
 50
180.0
 11
3.2
 21
5.300000000000001
 31
0.0
100
AcDbAttribute
  2
SYMBOL_ID
 70
1
 71
1
 72
0
 11
3.2
 21
5.300000000000001
 31
0.0
  0
SEQEND
  5
3CF
330
3CE
100
AcDbEntity
  8
E_Kueche_Geraete
  0
INSERT
  5
3D5
330
17
100
AcDbEntity
  8
E_Kueche_Geraete
100
AcDbBlockReference
 66
1
  2
E_SYM_BO
 10
1.7
 20
4.4
 30
0.0
 41
0.1
 42
0.1
 43
0.1
 50
180.0
  0
ATTRIB
  5
3D7
330
17
100
AcDbEntity
  8
0
100
AcDbText
 10
1.7
 20
4.58
 30
0.0
 40
0.15000000000000002
  1
BO
 50
180.0
 11
1.7
 21
4.58
 31
0.0
100
AcDbAttribute
  2
CODE
 70
1
 71
1
 72
0
 11
1.7
 21
4.58
 31
0.0
  0
ATTRIB
  5
3D8
330
17
100
AcDbEntity
  8
0
100
AcDbText
 10
1.7
 20
4.760000000000001
 30
0.0
 40
0.15000000000000002
  1
Anschluss Backofen
 50
180.0
 11
1.7
 21
4.760000000000001
 31
0.0
100
AcDbAttribute
  2
NAME_DE
 70
1
 71
1
 72
0
 11
1.7
 21
4.760000000000001
 31
0.0
  0
ATTRIB
  5
3D9
330
17
100
AcDbEntity
  8
0
100
AcDbText
 10
1.7
 20
4.94
 30
0.0
 40
0.15000000000000002
  1
2OG-R4
 50
180.0
 11
1.7
 21
4.94
 31
0.0
100
AcDbAttribute
  2
ROOM
 70
1
 71
1
 72
0
 11
1.7
 21
4.94
 31
0.0
  0
ATTRIB
  5
3DA
330
17
100
AcDbEntity
  8
0
100
AcDbText
 10
1.7
 20
5.12
 30
0.0
 40
0.15000000000000002
  1
false
 50
180.0
 11
1.7
 21
5.12
 31
0.0
100
AcDbAttribute
  2
VERIFIED
 70
1
 71
1
 72
0
 11
1.7
 21
5.12
 31
0.0
  0
ATTRIB
  5
3DB
330
17
100
AcDbEntity
  8
0
100
AcDbText
 10
1.7
 20
5.300000000000001
 30
0.0
 40
0.15000000000000002
  1
s53
 50
180.0
 11
1.7
 21
5.300000000000001
 31
0.0
100
AcDbAttribute
  2
SYMBOL_ID
 70
1
 71
1
 72
0
 11
1.7
 21
5.300000000000001
 31
0.0
  0
SEQEND
  5
3D6
330
3D5
100
AcDbEntity
  8
E_Kueche_Geraete
  0
INSERT
  5
3DC
330
17
100
AcDbEntity
  8
E_Kueche_Geraete
100
AcDbBlockReference
 66
1
  2
E_SYM_KS
 10
1.1
 20
4.4
 30
0.0
 41
0.1
 42
0.1
 43
0.1
 50
180.0
  0
ATTRIB
  5
3DE
330
17
100
AcDbEntity
  8
0
100
AcDbText
 10
1.1
 20
4.58
 30
0.0
 40
0.15000000000000002
  1
KS
 50
180.0
 11
1.1
 21
4.58
 31
0.0
100
AcDbAttribute
  2
CODE
 70
1
 71
1
 72
0
 11
1.1
 21
4.58
 31
0.0
  0
ATTRIB
  5
3DF
330
17
100
AcDbEntity
  8
0
100
AcDbText
 10
1.1
 20
4.760000000000001
 30
0.0
 40
0.15000000000000002
  1
Steckdose Kühlschrank
 50
180.0
 11
1.1
 21
4.760000000000001
 31
0.0
100
AcDbAttribute
  2
NAME_DE
 70
1
 71
1
 72
0
 11
1.1
 21
4.760000000000001
 31
0.0
  0
ATTRIB
  5
3E0
330
17
100
AcDbEntity
  8
0
100
AcDbText
 10
1.1
 20
4.94
 30
0.0
 40
0.15000000000000002
  1
2OG-R4
 50
180.0
 11
1.1
 21
4.94
 31
0.0
100
AcDbAttribute
  2
ROOM
 70
1
 71
1
 72
0
 11
1.1
 21
4.94
 31
0.0
  0
ATTRIB
  5
3E1
330
17
100
AcDbEntity
  8
0
100
AcDbText
 10
1.1
 20
5.12
 30
0.0
 40
0.15000000000000002
  1
false
 50
180.0
 11
1.1
 21
5.12
 31
0.0
100
AcDbAttribute
  2
VERIFIED
 70
1
 71
1
 72
0
 11
1.1
 21
5.12
 31
0.0
  0
ATTRIB
  5
3E2
330
17
100
AcDbEntity
  8
0
100
AcDbText
 10
1.1
 20
5.300000000000001
 30
0.0
 40
0.15000000000000002
  1
s54
 50
180.0
 11
1.1
 21
5.300000000000001
 31
0.0
100
AcDbAttribute
  2
SYMBOL_ID
 70
1
 71
1
 72
0
 11
1.1
 21
5.300000000000001
 31
0.0
  0
SEQEND
  5
3DD
330
3DC
100
AcDbEntity
  8
E_Kueche_Geraete
  0
INSERT
  5
3E3
330
17
100
AcDbEntity
  8
E_Kueche_Geraete
100
AcDbBlockReference
 66
1
  2
E_SYM_HE
 10
0.5
 20
4.4
 30
0.0
 41
0.1
 42
0.1
 43
0.1
 50
180.0
  0
ATTRIB
  5
3E5
330
17
100
AcDbEntity
  8
0
100
AcDbText
 10
0.5
 20
4.58
 30
0.0
 40
0.15000000000000002
  1
HE
 50
180.0
 11
0.5
 21
4.58
 31
0.0
100
AcDbAttribute
  2
CODE
 70
1
 71
1
 72
0
 11
0.5
 21
4.58
 31
0.0
  0
ATTRIB
  5
3E6
330
17
100
AcDbEntity
  8
0
100
AcDbText
 10
0.5
 20
4.760000000000001
 30
0.0
 40
0.15000000000000002
  1
Herdanschluss 400 V
 50
180.0
 11
0.5
 21
4.760000000000001
 31
0.0
100
AcDbAttribute
  2
NAME_DE
 70
1
 71
1
 72
0
 11
0.5
 21
4.760000000000001
 31
0.0
  0
ATTRIB
  5
3E7
330
17
100
AcDbEntity
  8
0
100
AcDbText
 10
0.5000000000000001
 20
4.94
 30
0.0
 40
0.15000000000000002
  1
2OG-R4
 50
180.0
 11
0.5000000000000001
 21
4.94
 31
0.0
100
AcDbAttribute
  2
ROOM
 70
1
 71
1
 72
0
 11
0.5000000000000001
 21
4.94
 31
0.0
  0
ATTRIB
  5
3E8
330
17
100
AcDbEntity
  8
0
100
AcDbText
 10
0.5000000000000001
 20
5.12
 30
0.0
 40
0.15000000000000002
  1
false
 50
180.0
 11
0.5000000000000001
 21
5.12
 31
0.0
100
AcDbAttribute
  2
VERIFIED
 70
1
 71
1
 72
0
 11
0.5000000000000001
 21
5.12
 31
0.0
  0
ATTRIB
  5
3E9
330
17
100
AcDbEntity
  8
0
100
AcDbText
 10
0.5000000000000001
 20
5.300000000000001
 30
0.0
 40
0.15000000000000002
  1
s55
 50
180.0
 11
0.5000000000000001
 21
5.300000000000001
 31
0.0
100
AcDbAttribute
  2
SYMBOL_ID
 70
1
 71
1
 72
0
 11
0.5000000000000001
 21
5.300000000000001
 31
0.0
  0
SEQEND
  5
3E4
330
3E3
100
AcDbEntity
  8
E_Kueche_Geraete
  0
INSERT
  5
3EA
330
17
100
AcDbEntity
  8
E_Kueche_Geraete
100
AcDbBlockReference
 66
1
  2
E_SYM_GS
 10
0.1
 20
4.2
 30
0.0
 41
0.1
 42
0.1
 43
0.1
 50
270.0
  0
ATTRIB
  5
3EC
330
17
100
AcDbEntity
  8
0
100
AcDbText
 10
-0.07999999999999999
 20
4.2
 30
0.0
 40
0.15000000000000002
  1
GS
 50
-90.00000000000001
 11
-0.07999999999999999
 21
4.2
 31
0.0
100
AcDbAttribute
  2
CODE
 70
1
 71
1
 72
0
 11
-0.07999999999999999
 21
4.2
 31
0.0
  0
ATTRIB
  5
3ED
330
17
100
AcDbEntity
  8
0
100
AcDbText
 10
-0.26
 20
4.2
 30
0.0
 40
0.15000000000000002
  1
Steckdose Geschirrspüler
 50
-90.00000000000001
 11
-0.26
 21
4.2
 31
0.0
100
AcDbAttribute
  2
NAME_DE
 70
1
 71
1
 72
0
 11
-0.26
 21
4.2
 31
0.0
  0
ATTRIB
  5
3EE
330
17
100
AcDbEntity
  8
0
100
AcDbText
 10
-0.43999999999999995
 20
4.2
 30
0.0
 40
0.15000000000000002
  1
2OG-R4
 50
-90.00000000000001
 11
-0.43999999999999995
 21
4.2
 31
0.0
100
AcDbAttribute
  2
ROOM
 70
1
 71
1
 72
0
 11
-0.43999999999999995
 21
4.2
 31
0.0
  0
ATTRIB
  5
3EF
330
17
100
AcDbEntity
  8
0
100
AcDbText
 10
-0.62
 20
4.2
 30
0.0
 40
0.15000000000000002
  1
false
 50
-90.00000000000001
 11
-0.62
 21
4.2
 31
0.0
100
AcDbAttribute
  2
VERIFIED
 70
1
 71
1
 72
0
 11
-0.62
 21
4.2
 31
0.0
  0
ATTRIB
  5
3F0
330
17
100
AcDbEntity
  8
0
100
AcDbText
 10
-0.8
 20
4.2
 30
0.0
 40
0.15000000000000002
  1
s56
 50
-90.00000000000001
 11
-0.8
 21
4.2
 31
0.0
100
AcDbAttribute
  2
SYMBOL_ID
 70
1
 71
1
 72
0
 11
-0.8
 21
4.2
 31
0.0
  0
SEQEND
  5
3EB
330
3EA
100
AcDbEntity
  8
E_Kueche_Geraete
  0
INSERT
  5
3F1
330
17
100
AcDbEntity
  8
E_Kueche_Geraete
100
AcDbBlockReference
 66
1
  2
E_SYM_BO
 10
0.1
 20
3.6
 30
0.0
 41
0.1
 42
0.1
 43
0.1
 50
270.0
  0
ATTRIB
  5
3F3
330
17
100
AcDbEntity
  8
0
100
AcDbText
 10
-0.07999999999999999
 20
3.6
 30
0.0
 40
0.15000000000000002
  1
BO
 50
-90.00000000000001
 11
-0.07999999999999999
 21
3.6
 31
0.0
100
AcDbAttribute
  2
CODE
 70
1
 71
1
 72
0
 11
-0.07999999999999999
 21
3.6
 31
0.0
  0
ATTRIB
  5
3F4
330
17
100
AcDbEntity
  8
0
100
AcDbText
 10
-0.26
 20
3.6
 30
0.0
 40
0.15000000000000002
  1
Anschluss Backofen
 50
-90.00000000000001
 11
-0.26
 21
3.6
 31
0.0
100
AcDbAttribute
  2
NAME_DE
 70
1
 71
1
 72
0
 11
-0.26
 21
3.6
 31
0.0
  0
ATTRIB
  5
3F5
330
17
100
AcDbEntity
  8
0
100
AcDbText
 10
-0.43999999999999995
 20
3.6
 30
0.0
 40
0.15000000000000002
  1
2OG-R4
 50
-90.00000000000001
 11
-0.43999999999999995
 21
3.6
 31
0.0
100
AcDbAttribute
  2
ROOM
 70
1
 71
1
 72
0
 11
-0.43999999999999995
 21
3.6
 31
0.0
  0
ATTRIB
  5
3F6
330
17
100
AcDbEntity
  8
0
100
AcDbText
 10
-0.62
 20
3.6
 30
0.0
 40
0.15000000000000002
  1
false
 50
-90.00000000000001
 11
-0.62
 21
3.6
 31
0.0
100
AcDbAttribute
  2
VERIFIED
 70
1
 71
1
 72
0
 11
-0.62
 21
3.6
 31
0.0
  0
ATTRIB
  5
3F7
330
17
100
AcDbEntity
  8
0
100
AcDbText
 10
-0.8
 20
3.6
 30
0.0
 40
0.15000000000000002
  1
s57
 50
-90.00000000000001
 11
-0.8
 21
3.6
 31
0.0
100
AcDbAttribute
  2
SYMBOL_ID
 70
1
 71
1
 72
0
 11
-0.8
 21
3.6
 31
0.0
  0
SEQEND
  5
3F2
330
3F1
100
AcDbEntity
  8
E_Kueche_Geraete
  0
INSERT
  5
3F8
330
17
100
AcDbEntity
  8
E_Kueche_Geraete
100
AcDbBlockReference
 66
1
  2
E_SYM_KS
 10
0.1
 20
3.0
 30
0.0
 41
0.1
 42
0.1
 43
0.1
 50
270.0
  0
ATTRIB
  5
3FA
330
17
100
AcDbEntity
  8
0
100
AcDbText
 10
-0.07999999999999999
 20
3.0
 30
0.0
 40
0.15000000000000002
  1
KS
 50
-90.00000000000001
 11
-0.07999999999999999
 21
3.0
 31
0.0
100
AcDbAttribute
  2
CODE
 70
1
 71
1
 72
0
 11
-0.07999999999999999
 21
3.0
 31
0.0
  0
ATTRIB
  5
3FB
330
17
100
AcDbEntity
  8
0
100
AcDbText
 10
-0.26
 20
3.0
 30
0.0
 40
0.15000000000000002
  1
Steckdose Kühlschrank
 50
-90.00000000000001
 11
-0.26
 21
3.0
 31
0.0
100
AcDbAttribute
  2
NAME_DE
 70
1
 71
1
 72
0
 11
-0.26
 21
3.0
 31
0.0
  0
ATTRIB
  5
3FC
330
17
100
AcDbEntity
  8
0
100
AcDbText
 10
-0.43999999999999995
 20
3.0
 30
0.0
 40
0.15000000000000002
  1
2OG-R4
 50
-90.00000000000001
 11
-0.43999999999999995
 21
3.0
 31
0.0
100
AcDbAttribute
  2
ROOM
 70
1
 71
1
 72
0
 11
-0.43999999999999995
 21
3.0
 31
0.0
  0
ATTRIB
  5
3FD
330
17
100
AcDbEntity
  8
0
100
AcDbText
 10
-0.62
 20
3.0
 30
0.0
 40
0.15000000000000002
  1
false
 50
-90.00000000000001
 11
-0.62
 21
3.0
 31
0.0
100
AcDbAttribute
  2
VERIFIED
 70
1
 71
1
 72
0
 11
-0.62
 21
3.0
 31
0.0
  0
ATTRIB
  5
3FE
330
17
100
AcDbEntity
  8
0
100
AcDbText
 10
-0.8
 20
3.0
 30
0.0
 40
0.15000000000000002
  1
s58
 50
-90.00000000000001
 11
-0.8
 21
3.0
 31
0.0
100
AcDbAttribute
  2
SYMBOL_ID
 70
1
 71
1
 72
0
 11
-0.8
 21
3.0
 31
0.0
  0
SEQEND
  5
3F9
330
3F8
100
AcDbEntity
  8
E_Kueche_Geraete
  0
INSERT
  5
3FF
330
17
100
AcDbEntity
  8
E_Kueche_Geraete
100
AcDbBlockReference
 66
1
  2
E_SYM_HE
 10
0.1
 20
2.4
 30
0.0
 41
0.1
 42
0.1
 43
0.1
 50
270.0
  0
ATTRIB
  5
401
330
17
100
AcDbEntity
  8
0
100
AcDbText
 10
-0.07999999999999999
 20
2.4
 30
0.0
 40
0.15000000000000002
  1
HE
 50
-90.00000000000001
 11
-0.07999999999999999
 21
2.4
 31
0.0
100
AcDbAttribute
  2
CODE
 70
1
 71
1
 72
0
 11
-0.07999999999999999
 21
2.4
 31
0.0
  0
ATTRIB
  5
402
330
17
100
AcDbEntity
  8
0
100
AcDbText
 10
-0.26
 20
2.4
 30
0.0
 40
0.15000000000000002
  1
Herdanschluss 400 V
 50
-90.00000000000001
 11
-0.26
 21
2.4
 31
0.0
100
AcDbAttribute
  2
NAME_DE
 70
1
 71
1
 72
0
 11
-0.26
 21
2.4
 31
0.0
  0
ATTRIB
  5
403
330
17
100
AcDbEntity
  8
0
100
AcDbText
 10
-0.43999999999999995
 20
2.4
 30
0.0
 40
0.15000000000000002
  1
2OG-R4
 50
-90.00000000000001
 11
-0.43999999999999995
 21
2.4
 31
0.0
100
AcDbAttribute
  2
ROOM
 70
1
 71
1
 72
0
 11
-0.43999999999999995
 21
2.4
 31
0.0
  0
ATTRIB
  5
404
330
17
100
AcDbEntity
  8
0
100
AcDbText
 10
-0.62
 20
2.4
 30
0.0
 40
0.15000000000000002
  1
false
 50
-90.00000000000001
 11
-0.62
 21
2.4
 31
0.0
100
AcDbAttribute
  2
VERIFIED
 70
1
 71
1
 72
0
 11
-0.62
 21
2.4
 31
0.0
  0
ATTRIB
  5
405
330
17
100
AcDbEntity
  8
0
100
AcDbText
 10
-0.8
 20
2.4
 30
0.0
 40
0.15000000000000002
  1
s59
 50
-90.00000000000001
 11
-0.8
 21
2.4
 31
0.0
100
AcDbAttribute
  2
SYMBOL_ID
 70
1
 71
1
 72
0
 11
-0.8
 21
2.4
 31
0.0
  0
SEQEND
  5
400
330
3FF
100
AcDbEntity
  8
E_Kueche_Geraete
  0
INSERT
  5
406
330
17
100
AcDbEntity
  8
E_Kueche_Geraete
100
AcDbBlockReference
 66
1
  2
E_SYM_GS
 10
0.1
 20
1.8
 30
0.0
 41
0.1
 42
0.1
 43
0.1
 50
270.0
  0
ATTRIB
  5
408
330
17
100
AcDbEntity
  8
0
100
AcDbText
 10
-0.07999999999999999
 20
1.8
 30
0.0
 40
0.15000000000000002
  1
GS
 50
-90.00000000000001
 11
-0.07999999999999999
 21
1.8
 31
0.0
100
AcDbAttribute
  2
CODE
 70
1
 71
1
 72
0
 11
-0.07999999999999999
 21
1.8
 31
0.0
  0
ATTRIB
  5
409
330
17
100
AcDbEntity
  8
0
100
AcDbText
 10
-0.26
 20
1.8
 30
0.0
 40
0.15000000000000002
  1
Steckdose Geschirrspüler
 50
-90.00000000000001
 11
-0.26
 21
1.8
 31
0.0
100
AcDbAttribute
  2
NAME_DE
 70
1
 71
1
 72
0
 11
-0.26
 21
1.8
 31
0.0
  0
ATTRIB
  5
40A
330
17
100
AcDbEntity
  8
0
100
AcDbText
 10
-0.43999999999999995
 20
1.8
 30
0.0
 40
0.15000000000000002
  1
2OG-R4
 50
-90.00000000000001
 11
-0.43999999999999995
 21
1.8
 31
0.0
100
AcDbAttribute
  2
ROOM
 70
1
 71
1
 72
0
 11
-0.43999999999999995
 21
1.8
 31
0.0
  0
ATTRIB
  5
40B
330
17
100
AcDbEntity
  8
0
100
AcDbText
 10
-0.62
 20
1.8000000000000003
 30
0.0
 40
0.15000000000000002
  1
false
 50
-90.00000000000001
 11
-0.62
 21
1.8000000000000003
 31
0.0
100
AcDbAttribute
  2
VERIFIED
 70
1
 71
1
 72
0
 11
-0.62
 21
1.8000000000000003
 31
0.0
  0
ATTRIB
  5
40C
330
17
100
AcDbEntity
  8
0
100
AcDbText
 10
-0.8
 20
1.8000000000000003
 30
0.0
 40
0.15000000000000002
  1
s60
 50
-90.00000000000001
 11
-0.8
 21
1.8000000000000003
 31
0.0
100
AcDbAttribute
  2
SYMBOL_ID
 70
1
 71
1
 72
0
 11
-0.8
 21
1.8000000000000003
 31
0.0
  0
SEQEND
  5
407
330
406
100
AcDbEntity
  8
E_Kueche_Geraete
  0
INSERT
  5
40D
330
17
100
AcDbEntity
  8
E_Kueche_Geraete
100
AcDbBlockReference
 66
1
  2
E_SYM_BO
 10
0.1
 20
1.2
 30
0.0
 41
0.1
 42
0.1
 43
0.1
 50
270.0
  0
ATTRIB
  5
40F
330
17
100
AcDbEntity
  8
0
100
AcDbText
 10
-0.07999999999999999
 20
1.2
 30
0.0
 40
0.15000000000000002
  1
BO
 50
-90.00000000000001
 11
-0.07999999999999999
 21
1.2
 31
0.0
100
AcDbAttribute
  2
CODE
 70
1
 71
1
 72
0
 11
-0.07999999999999999
 21
1.2
 31
0.0
  0
ATTRIB
  5
410
330
17
100
AcDbEntity
  8
0
100
AcDbText
 10
-0.26
 20
1.2
 30
0.0
 40
0.15000000000000002
  1
Anschluss Backofen
 50
-90.00000000000001
 11
-0.26
 21
1.2
 31
0.0
100
AcDbAttribute
  2
NAME_DE
 70
1
 71
1
 72
0
 11
-0.26
 21
1.2
 31
0.0
  0
ATTRIB
  5
411
330
17
100
AcDbEntity
  8
0
100
AcDbText
 10
-0.43999999999999995
 20
1.2
 30
0.0
 40
0.15000000000000002
  1
2OG-R4
 50
-90.00000000000001
 11
-0.43999999999999995
 21
1.2
 31
0.0
100
AcDbAttribute
  2
ROOM
 70
1
 71
1
 72
0
 11
-0.43999999999999995
 21
1.2
 31
0.0
  0
ATTRIB
  5
412
330
17
100
AcDbEntity
  8
0
100
AcDbText
 10
-0.62
 20
1.2000000000000002
 30
0.0
 40
0.15000000000000002
  1
false
 50
-90.00000000000001
 11
-0.62
 21
1.2000000000000002
 31
0.0
100
AcDbAttribute
  2
VERIFIED
 70
1
 71
1
 72
0
 11
-0.62
 21
1.2000000000000002
 31
0.0
  0
ATTRIB
  5
413
330
17
100
AcDbEntity
  8
0
100
AcDbText
 10
-0.8
 20
1.2000000000000002
 30
0.0
 40
0.15000000000000002
  1
s61
 50
-90.00000000000001
 11
-0.8
 21
1.2000000000000002
 31
0.0
100
AcDbAttribute
  2
SYMBOL_ID
 70
1
 71
1
 72
0
 11
-0.8
 21
1.2000000000000002
 31
0.0
  0
SEQEND
  5
40E
330
40D
100
AcDbEntity
  8
E_Kueche_Geraete
  0
INSERT
  5
414
330
17
100
AcDbEntity
  8
E_Kueche_Geraete
100
AcDbBlockReference
 66
1
  2
E_SYM_KS
 10
0.1
 20
0.6
 30
0.0
 41
0.1
 42
0.1
 43
0.1
 50
270.0
  0
ATTRIB
  5
416
330
17
100
AcDbEntity
  8
0
100
AcDbText
 10
-0.07999999999999999
 20
0.6
 30
0.0
 40
0.15000000000000002
  1
KS
 50
-90.00000000000001
 11
-0.07999999999999999
 21
0.6
 31
0.0
100
AcDbAttribute
  2
CODE
 70
1
 71
1
 72
0
 11
-0.07999999999999999
 21
0.6
 31
0.0
  0
ATTRIB
  5
417
330
17
100
AcDbEntity
  8
0
100
AcDbText
 10
-0.26
 20
0.6000000000000001
 30
0.0
 40
0.15000000000000002
  1
Steckdose Kühlschrank
 50
-90.00000000000001
 11
-0.26
 21
0.6000000000000001
 31
0.0
100
AcDbAttribute
  2
NAME_DE
 70
1
 71
1
 72
0
 11
-0.26
 21
0.6000000000000001
 31
0.0
  0
ATTRIB
  5
418
330
17
100
AcDbEntity
  8
0
100
AcDbText
 10
-0.43999999999999995
 20
0.6000000000000001
 30
0.0
 40
0.15000000000000002
  1
2OG-R4
 50
-90.00000000000001
 11
-0.43999999999999995
 21
0.6000000000000001
 31
0.0
100
AcDbAttribute
  2
ROOM
 70
1
 71
1
 72
0
 11
-0.43999999999999995
 21
0.6000000000000001
 31
0.0
  0
ATTRIB
  5
419
330
17
100
AcDbEntity
  8
0
100
AcDbText
 10
-0.62
 20
0.6000000000000001
 30
0.0
 40
0.15000000000000002
  1
false
 50
-90.00000000000001
 11
-0.62
 21
0.6000000000000001
 31
0.0
100
AcDbAttribute
  2
VERIFIED
 70
1
 71
1
 72
0
 11
-0.62
 21
0.6000000000000001
 31
0.0
  0
ATTRIB
  5
41A
330
17
100
AcDbEntity
  8
0
100
AcDbText
 10
-0.8
 20
0.6000000000000001
 30
0.0
 40
0.15000000000000002
  1
s62
 50
-90.00000000000001
 11
-0.8
 21
0.6000000000000001
 31
0.0
100
AcDbAttribute
  2
SYMBOL_ID
 70
1
 71
1
 72
0
 11
-0.8
 21
0.6000000000000001
 31
0.0
  0
SEQEND
  5
415
330
414
100
AcDbEntity
  8
E_Kueche_Geraete
  0
INSERT
  5
41B
330
17
100
AcDbEntity
  8
E_Kueche_Geraete
100
AcDbBlockReference
 66
1
  2
E_SYM_HE
 10
0.3
 20
0.1
 30
0.0
 41
0.1
 42
0.1
 43
0.1
  0
ATTRIB
  5
41D
330
17
100
AcDbEntity
  8
0
100
AcDbText
 10
0.3
 20
-0.07999999999999999
 30
0.0
 40
0.15000000000000002
  1
HE
 11
0.3
 21
-0.07999999999999999
 31
0.0
100
AcDbAttribute
  2
CODE
 70
1
 71
1
 72
0
 11
0.3
 21
-0.07999999999999999
 31
0.0
  0
ATTRIB
  5
41E
330
17
100
AcDbEntity
  8
0
100
AcDbText
 10
0.3
 20
-0.26
 30
0.0
 40
0.15000000000000002
  1
Herdanschluss 400 V
 11
0.3
 21
-0.26
 31
0.0
100
AcDbAttribute
  2
NAME_DE
 70
1
 71
1
 72
0
 11
0.3
 21
-0.26
 31
0.0
  0
ATTRIB
  5
41F
330
17
100
AcDbEntity
  8
0
100
AcDbText
 10
0.3
 20
-0.43999999999999995
 30
0.0
 40
0.15000000000000002
  1
2OG-R4
 11
0.3
 21
-0.43999999999999995
 31
0.0
100
AcDbAttribute
  2
ROOM
 70
1
 71
1
 72
0
 11
0.3
 21
-0.43999999999999995
 31
0.0
  0
ATTRIB
  5
420
330
17
100
AcDbEntity
  8
0
100
AcDbText
 10
0.3
 20
-0.62
 30
0.0
 40
0.15000000000000002
  1
false
 11
0.3
 21
-0.62
 31
0.0
100
AcDbAttribute
  2
VERIFIED
 70
1
 71
1
 72
0
 11
0.3
 21
-0.62
 31
0.0
  0
ATTRIB
  5
421
330
17
100
AcDbEntity
  8
0
100
AcDbText
 10
0.3
 20
-0.8
 30
0.0
 40
0.15000000000000002
  1
s63
 11
0.3
 21
-0.8
 31
0.0
100
AcDbAttribute
  2
SYMBOL_ID
 70
1
 71
1
 72
0
 11
0.3
 21
-0.8
 31
0.0
  0
SEQEND
  5
41C
330
41B
100
AcDbEntity
  8
E_Kueche_Geraete
  0
INSERT
  5
422
330
17
100
AcDbEntity
  8
E_Kueche_Geraete
100
AcDbBlockReference
 66
1
  2
E_SYM_GS
 10
2.9
 20
0.1
 30
0.0
 41
0.1
 42
0.1
 43
0.1
  0
ATTRIB
  5
424
330
17
100
AcDbEntity
  8
0
100
AcDbText
 10
2.9
 20
-0.07999999999999999
 30
0.0
 40
0.15000000000000002
  1
GS
 11
2.9
 21
-0.07999999999999999
 31
0.0
100
AcDbAttribute
  2
CODE
 70
1
 71
1
 72
0
 11
2.9
 21
-0.07999999999999999
 31
0.0
  0
ATTRIB
  5
425
330
17
100
AcDbEntity
  8
0
100
AcDbText
 10
2.9
 20
-0.26
 30
0.0
 40
0.15000000000000002
  1
Steckdose Geschirrspüler
 11
2.9
 21
-0.26
 31
0.0
100
AcDbAttribute
  2
NAME_DE
 70
1
 71
1
 72
0
 11
2.9
 21
-0.26
 31
0.0
  0
ATTRIB
  5
426
330
17
100
AcDbEntity
  8
0
100
AcDbText
 10
2.9
 20
-0.43999999999999995
 30
0.0
 40
0.15000000000000002
  1
2OG-R4
 11
2.9
 21
-0.43999999999999995
 31
0.0
100
AcDbAttribute
  2
ROOM
 70
1
 71
1
 72
0
 11
2.9
 21
-0.43999999999999995
 31
0.0
  0
ATTRIB
  5
427
330
17
100
AcDbEntity
  8
0
100
AcDbText
 10
2.9
 20
-0.62
 30
0.0
 40
0.15000000000000002
  1
false
 11
2.9
 21
-0.62
 31
0.0
100
AcDbAttribute
  2
VERIFIED
 70
1
 71
1
 72
0
 11
2.9
 21
-0.62
 31
0.0
  0
ATTRIB
  5
428
330
17
100
AcDbEntity
  8
0
100
AcDbText
 10
2.9
 20
-0.8
 30
0.0
 40
0.15000000000000002
  1
s64
 11
2.9
 21
-0.8
 31
0.0
100
AcDbAttribute
  2
SYMBOL_ID
 70
1
 71
1
 72
0
 11
2.9
 21
-0.8
 31
0.0
  0
SEQEND
  5
423
330
422
100
AcDbEntity
  8
E_Kueche_Geraete
  0
INSERT
  5
429
330
17
100
AcDbEntity
  8
E_Licht
100
AcDbBlockReference
 66
1
  2
E_SYM_LD
 10
8.62
 20
3.62
 30
0.0
 41
0.1
 42
0.1
 43
0.1
  0
ATTRIB
  5
42B
330
17
100
AcDbEntity
  8
0
100
AcDbText
 10
8.62
 20
3.44
 30
0.0
 40
0.15000000000000002
  1
LD
 11
8.62
 21
3.44
 31
0.0
100
AcDbAttribute
  2
CODE
 70
1
 71
1
 72
0
 11
8.62
 21
3.44
 31
0.0
  0
ATTRIB
  5
42C
330
17
100
AcDbEntity
  8
0
100
AcDbText
 10
8.62
 20
3.2600000000000002
 30
0.0
 40
0.15000000000000002
  1
Deckenleuchte
 11
8.62
 21
3.2600000000000002
 31
0.0
100
AcDbAttribute
  2
NAME_DE
 70
1
 71
1
 72
0
 11
8.62
 21
3.2600000000000002
 31
0.0
  0
ATTRIB
  5
42D
330
17
100
AcDbEntity
  8
0
100
AcDbText
 10
8.62
 20
3.08
 30
0.0
 40
0.15000000000000002
  1
2OG-R5
 11
8.62
 21
3.08
 31
0.0
100
AcDbAttribute
  2
ROOM
 70
1
 71
1
 72
0
 11
8.62
 21
3.08
 31
0.0
  0
ATTRIB
  5
42E
330
17
100
AcDbEntity
  8
0
100
AcDbText
 10
8.62
 20
2.9000000000000004
 30
0.0
 40
0.15000000000000002
  1
false
 11
8.62
 21
2.9000000000000004
 31
0.0
100
AcDbAttribute
  2
VERIFIED
 70
1
 71
1
 72
0
 11
8.62
 21
2.9000000000000004
 31
0.0
  0
ATTRIB
  5
42F
330
17
100
AcDbEntity
  8
0
100
AcDbText
 10
8.62
 20
2.72
 30
0.0
 40
0.15000000000000002
  1
s65
 11
8.62
 21
2.72
 31
0.0
100
AcDbAttribute
  2
SYMBOL_ID
 70
1
 71
1
 72
0
 11
8.62
 21
2.72
 31
0.0
  0
SEQEND
  5
42A
330
429
100
AcDbEntity
  8
E_Licht
  0
INSERT
  5
430
330
17
100
AcDbEntity
  8
E_Sicherheit
100
AcDbBlockReference
 66
1
  2
E_SYM_RM
 10
9.22
 20
3.62
 30
0.0
 41
0.1
 42
0.1
 43
0.1
  0
ATTRIB
  5
432
330
17
100
AcDbEntity
  8
0
100
AcDbText
 10
9.22
 20
3.44
 30
0.0
 40
0.15000000000000002
  1
RM
 11
9.22
 21
3.44
 31
0.0
100
AcDbAttribute
  2
CODE
 70
1
 71
1
 72
0
 11
9.22
 21
3.44
 31
0.0
  0
ATTRIB
  5
433
330
17
100
AcDbEntity
  8
0
100
AcDbText
 10
9.22
 20
3.2600000000000002
 30
0.0
 40
0.15000000000000002
  1
Rauchwarnmelder
 11
9.22
 21
3.2600000000000002
 31
0.0
100
AcDbAttribute
  2
NAME_DE
 70
1
 71
1
 72
0
 11
9.22
 21
3.2600000000000002
 31
0.0
  0
ATTRIB
  5
434
330
17
100
AcDbEntity
  8
0
100
AcDbText
 10
9.22
 20
3.08
 30
0.0
 40
0.15000000000000002
  1
2OG-R5
 11
9.22
 21
3.08
 31
0.0
100
AcDbAttribute
  2
ROOM
 70
1
 71
1
 72
0
 11
9.22
 21
3.08
 31
0.0
  0
ATTRIB
  5
435
330
17
100
AcDbEntity
  8
0
100
AcDbText
 10
9.22
 20
2.9000000000000004
 30
0.0
 40
0.15000000000000002
  1
false
 11
9.22
 21
2.9000000000000004
 31
0.0
100
AcDbAttribute
  2
VERIFIED
 70
1
 71
1
 72
0
 11
9.22
 21
2.9000000000000004
 31
0.0
  0
ATTRIB
  5
436
330
17
100
AcDbEntity
  8
0
100
AcDbText
 10
9.22
 20
2.72
 30
0.0
 40
0.15000000000000002
  1
s66
 11
9.22
 21
2.72
 31
0.0
100
AcDbAttribute
  2
SYMBOL_ID
 70
1
 71
1
 72
0
 11
9.22
 21
2.72
 31
0.0
  0
SEQEND
  5
431
330
430
100
AcDbEntity
  8
E_Sicherheit
  0
INSERT
  5
437
330
17
100
AcDbEntity
  8
E_Schalter
100
AcDbBlockReference
 66
1
  2
E_SYM_SA
 10
6.89
 20
4.05
 30
0.0
 41
0.1
 42
0.1
 43
0.1
  0
ATTRIB
  5
439
330
17
100
AcDbEntity
  8
0
100
AcDbText
 10
6.89
 20
3.8699999999999997
 30
0.0
 40
0.15000000000000002
  1
SA
 11
6.89
 21
3.8699999999999997
 31
0.0
100
AcDbAttribute
  2
CODE
 70
1
 71
1
 72
0
 11
6.89
 21
3.8699999999999997
 31
0.0
  0
ATTRIB
  5
43A
330
17
100
AcDbEntity
  8
0
100
AcDbText
 10
6.89
 20
3.69
 30
0.0
 40
0.15000000000000002
  1
Ausschalter
 11
6.89
 21
3.69
 31
0.0
100
AcDbAttribute
  2
NAME_DE
 70
1
 71
1
 72
0
 11
6.89
 21
3.69
 31
0.0
  0
ATTRIB
  5
43B
330
17
100
AcDbEntity
  8
0
100
AcDbText
 10
6.89
 20
3.51
 30
0.0
 40
0.15000000000000002
  1
2OG-R5
 11
6.89
 21
3.51
 31
0.0
100
AcDbAttribute
  2
ROOM
 70
1
 71
1
 72
0
 11
6.89
 21
3.51
 31
0.0
  0
ATTRIB
  5
43C
330
17
100
AcDbEntity
  8
0
100
AcDbText
 10
6.89
 20
3.33
 30
0.0
 40
0.15000000000000002
  1
false
 11
6.89
 21
3.33
 31
0.0
100
AcDbAttribute
  2
VERIFIED
 70
1
 71
1
 72
0
 11
6.89
 21
3.33
 31
0.0
  0
ATTRIB
  5
43D
330
17
100
AcDbEntity
  8
0
100
AcDbText
 10
6.89
 20
3.15
 30
0.0
 40
0.15000000000000002
  1
s67
 11
6.89
 21
3.15
 31
0.0
100
AcDbAttribute
  2
SYMBOL_ID
 70
1
 71
1
 72
0
 11
6.89
 21
3.15
 31
0.0
  0
SEQEND
  5
438
330
437
100
AcDbEntity
  8
E_Schalter
  0
INSERT
  5
43E
330
17
100
AcDbEntity
  8
E_Steckdosen
100
AcDbBlockReference
 66
1
  2
E_SYM_SS2
 10
8.62
 20
4.4
 30
0.0
 41
0.1
 42
0.1
 43
0.1
 50
180.0
  0
ATTRIB
  5
440
330
17
100
AcDbEntity
  8
0
100
AcDbText
 10
8.62
 20
4.58
 30
0.0
 40
0.15000000000000002
  1
SS2
 50
180.0
 11
8.62
 21
4.58
 31
0.0
100
AcDbAttribute
  2
CODE
 70
1
 71
1
 72
0
 11
8.62
 21
4.58
 31
0.0
  0
ATTRIB
  5
441
330
17
100
AcDbEntity
  8
0
100
AcDbText
 10
8.62
 20
4.760000000000001
 30
0.0
 40
0.15000000000000002
  1
Schutzkontakt-Steckdose 2-fach
 50
180.0
 11
8.62
 21
4.760000000000001
 31
0.0
100
AcDbAttribute
  2
NAME_DE
 70
1
 71
1
 72
0
 11
8.62
 21
4.760000000000001
 31
0.0
  0
ATTRIB
  5
442
330
17
100
AcDbEntity
  8
0
100
AcDbText
 10
8.62
 20
4.94
 30
0.0
 40
0.15000000000000002
  1
2OG-R5
 50
180.0
 11
8.62
 21
4.94
 31
0.0
100
AcDbAttribute
  2
ROOM
 70
1
 71
1
 72
0
 11
8.62
 21
4.94
 31
0.0
  0
ATTRIB
  5
443
330
17
100
AcDbEntity
  8
0
100
AcDbText
 10
8.62
 20
5.12
 30
0.0
 40
0.15000000000000002
  1
false
 50
180.0
 11
8.62
 21
5.12
 31
0.0
100
AcDbAttribute
  2
VERIFIED
 70
1
 71
1
 72
0
 11
8.62
 21
5.12
 31
0.0
  0
ATTRIB
  5
444
330
17
100
AcDbEntity
  8
0
100
AcDbText
 10
8.62
 20
5.300000000000001
 30
0.0
 40
0.15000000000000002
  1
s68
 50
180.0
 11
8.62
 21
5.300000000000001
 31
0.0
100
AcDbAttribute
  2
SYMBOL_ID
 70
1
 71
1
 72
0
 11
8.62
 21
5.300000000000001
 31
0.0
  0
SEQEND
  5
43F
330
43E
100
AcDbEntity
  8
E_Steckdosen
  0
INSERT
  5
445
330
17
100
AcDbEntity
  8
E_Steckdosen
100
AcDbBlockReference
 66
1
  2
E_SYM_SS2
 10
6.84
 20
4.2
 30
0.0
 41
0.1
 42
0.1
 43
0.1
 50
270.0
  0
ATTRIB
  5
447
330
17
100
AcDbEntity
  8
0
100
AcDbText
 10
6.66
 20
4.2
 30
0.0
 40
0.15000000000000002
  1
SS2
 50
-90.00000000000001
 11
6.66
 21
4.2
 31
0.0
100
AcDbAttribute
  2
CODE
 70
1
 71
1
 72
0
 11
6.66
 21
4.2
 31
0.0
  0
ATTRIB
  5
448
330
17
100
AcDbEntity
  8
0
100
AcDbText
 10
6.4799999999999995
 20
4.2
 30
0.0
 40
0.15000000000000002
  1
Schutzkontakt-Steckdose 2-fach
 50
-90.00000000000001
 11
6.4799999999999995
 21
4.2
 31
0.0
100
AcDbAttribute
  2
NAME_DE
 70
1
 71
1
 72
0
 11
6.4799999999999995
 21
4.2
 31
0.0
  0
ATTRIB
  5
449
330
17
100
AcDbEntity
  8
0
100
AcDbText
 10
6.3
 20
4.2
 30
0.0
 40
0.15000000000000002
  1
2OG-R5
 50
-90.00000000000001
 11
6.3
 21
4.2
 31
0.0
100
AcDbAttribute
  2
ROOM
 70
1
 71
1
 72
0
 11
6.3
 21
4.2
 31
0.0
  0
ATTRIB
  5
44A
330
17
100
AcDbEntity
  8
0
100
AcDbText
 10
6.12
 20
4.2
 30
0.0
 40
0.15000000000000002
  1
false
 50
-90.00000000000001
 11
6.12
 21
4.2
 31
0.0
100
AcDbAttribute
  2
VERIFIED
 70
1
 71
1
 72
0
 11
6.12
 21
4.2
 31
0.0
  0
ATTRIB
  5
44B
330
17
100
AcDbEntity
  8
0
100
AcDbText
 10
5.9399999999999995
 20
4.2
 30
0.0
 40
0.15000000000000002
  1
s69
 50
-90.00000000000001
 11
5.9399999999999995
 21
4.2
 31
0.0
100
AcDbAttribute
  2
SYMBOL_ID
 70
1
 71
1
 72
0
 11
5.9399999999999995
 21
4.2
 31
0.0
  0
SEQEND
  5
446
330
445
100
AcDbEntity
  8
E_Steckdosen
  0
INSERT
  5
44C
330
17
100
AcDbEntity
  8
E_Steckdosen
100
AcDbBlockReference
 66
1
  2
E_SYM_SS2
 10
8.62
 20
2.84
 30
0.0
 41
0.1
 42
0.1
 43
0.1
  0
ATTRIB
  5
44E
330
17
100
AcDbEntity
  8
0
100
AcDbText
 10
8.62
 20
2.6599999999999997
 30
0.0
 40
0.15000000000000002
  1
SS2
 11
8.62
 21
2.6599999999999997
 31
0.0
100
AcDbAttribute
  2
CODE
 70
1
 71
1
 72
0
 11
8.62
 21
2.6599999999999997
 31
0.0
  0
ATTRIB
  5
44F
330
17
100
AcDbEntity
  8
0
100
AcDbText
 10
8.62
 20
2.48
 30
0.0
 40
0.15000000000000002
  1
Schutzkontakt-Steckdose 2-fach
 11
8.62
 21
2.48
 31
0.0
100
AcDbAttribute
  2
NAME_DE
 70
1
 71
1
 72
0
 11
8.62
 21
2.48
 31
0.0
  0
ATTRIB
  5
450
330
17
100
AcDbEntity
  8
0
100
AcDbText
 10
8.62
 20
2.3
 30
0.0
 40
0.15000000000000002
  1
2OG-R5
 11
8.62
 21
2.3
 31
0.0
100
AcDbAttribute
  2
ROOM
 70
1
 71
1
 72
0
 11
8.62
 21
2.3
 31
0.0
  0
ATTRIB
  5
451
330
17
100
AcDbEntity
  8
0
100
AcDbText
 10
8.62
 20
2.12
 30
0.0
 40
0.15000000000000002
  1
false
 11
8.62
 21
2.12
 31
0.0
100
AcDbAttribute
  2
VERIFIED
 70
1
 71
1
 72
0
 11
8.62
 21
2.12
 31
0.0
  0
ATTRIB
  5
452
330
17
100
AcDbEntity
  8
0
100
AcDbText
 10
8.62
 20
1.94
 30
0.0
 40
0.15000000000000002
  1
s70
 11
8.62
 21
1.94
 31
0.0
100
AcDbAttribute
  2
SYMBOL_ID
 70
1
 71
1
 72
0
 11
8.62
 21
1.94
 31
0.0
  0
SEQEND
  5
44D
330
44C
100
AcDbEntity
  8
E_Steckdosen
  0
INSERT
  5
453
330
17
100
AcDbEntity
  8
E_Licht
100
AcDbBlockReference
 66
1
  2
E_SYM_LD
 10
8.62
 20
1.92
 30
0.0
 41
0.1
 42
0.1
 43
0.1
  0
ATTRIB
  5
455
330
17
100
AcDbEntity
  8
0
100
AcDbText
 10
8.62
 20
1.74
 30
0.0
 40
0.15000000000000002
  1
LD
 11
8.62
 21
1.74
 31
0.0
100
AcDbAttribute
  2
CODE
 70
1
 71
1
 72
0
 11
8.62
 21
1.74
 31
0.0
  0
ATTRIB
  5
456
330
17
100
AcDbEntity
  8
0
100
AcDbText
 10
8.62
 20
1.56
 30
0.0
 40
0.15000000000000002
  1
Deckenleuchte
 11
8.62
 21
1.56
 31
0.0
100
AcDbAttribute
  2
NAME_DE
 70
1
 71
1
 72
0
 11
8.62
 21
1.56
 31
0.0
  0
ATTRIB
  5
457
330
17
100
AcDbEntity
  8
0
100
AcDbText
 10
8.62
 20
1.38
 30
0.0
 40
0.15000000000000002
  1
2OG-R6
 11
8.62
 21
1.38
 31
0.0
100
AcDbAttribute
  2
ROOM
 70
1
 71
1
 72
0
 11
8.62
 21
1.38
 31
0.0
  0
ATTRIB
  5
458
330
17
100
AcDbEntity
  8
0
100
AcDbText
 10
8.62
 20
1.2
 30
0.0
 40
0.15000000000000002
  1
false
 11
8.62
 21
1.2
 31
0.0
100
AcDbAttribute
  2
VERIFIED
 70
1
 71
1
 72
0
 11
8.62
 21
1.2
 31
0.0
  0
ATTRIB
  5
459
330
17
100
AcDbEntity
  8
0
100
AcDbText
 10
8.62
 20
1.02
 30
0.0
 40
0.15000000000000002
  1
s71
 11
8.62
 21
1.02
 31
0.0
100
AcDbAttribute
  2
SYMBOL_ID
 70
1
 71
1
 72
0
 11
8.62
 21
1.02
 31
0.0
  0
SEQEND
  5
454
330
453
100
AcDbEntity
  8
E_Licht
  0
INSERT
  5
45A
330
17
100
AcDbEntity
  8
E_Sicherheit
100
AcDbBlockReference
 66
1
  2
E_SYM_RM
 10
9.22
 20
1.92
 30
0.0
 41
0.1
 42
0.1
 43
0.1
  0
ATTRIB
  5
45C
330
17
100
AcDbEntity
  8
0
100
AcDbText
 10
9.22
 20
1.74
 30
0.0
 40
0.15000000000000002
  1
RM
 11
9.22
 21
1.74
 31
0.0
100
AcDbAttribute
  2
CODE
 70
1
 71
1
 72
0
 11
9.22
 21
1.74
 31
0.0
  0
ATTRIB
  5
45D
330
17
100
AcDbEntity
  8
0
100
AcDbText
 10
9.22
 20
1.56
 30
0.0
 40
0.15000000000000002
  1
Rauchwarnmelder
 11
9.22
 21
1.56
 31
0.0
100
AcDbAttribute
  2
NAME_DE
 70
1
 71
1
 72
0
 11
9.22
 21
1.56
 31
0.0
  0
ATTRIB
  5
45E
330
17
100
AcDbEntity
  8
0
100
AcDbText
 10
9.22
 20
1.38
 30
0.0
 40
0.15000000000000002
  1
2OG-R6
 11
9.22
 21
1.38
 31
0.0
100
AcDbAttribute
  2
ROOM
 70
1
 71
1
 72
0
 11
9.22
 21
1.38
 31
0.0
  0
ATTRIB
  5
45F
330
17
100
AcDbEntity
  8
0
100
AcDbText
 10
9.22
 20
1.2
 30
0.0
 40
0.15000000000000002
  1
false
 11
9.22
 21
1.2
 31
0.0
100
AcDbAttribute
  2
VERIFIED
 70
1
 71
1
 72
0
 11
9.22
 21
1.2
 31
0.0
  0
ATTRIB
  5
460
330
17
100
AcDbEntity
  8
0
100
AcDbText
 10
9.22
 20
1.02
 30
0.0
 40
0.15000000000000002
  1
s72
 11
9.22
 21
1.02
 31
0.0
100
AcDbAttribute
  2
SYMBOL_ID
 70
1
 71
1
 72
0
 11
9.22
 21
1.02
 31
0.0
  0
SEQEND
  5
45B
330
45A
100
AcDbEntity
  8
E_Sicherheit
  0
INSERT
  5
461
330
17
100
AcDbEntity
  8
E_Schalter
100
AcDbBlockReference
 66
1
  2
E_SYM_SA
 10
6.89
 20
2.45
 30
0.0
 41
0.1
 42
0.1
 43
0.1
  0
ATTRIB
  5
463
330
17
100
AcDbEntity
  8
0
100
AcDbText
 10
6.89
 20
2.27
 30
0.0
 40
0.15000000000000002
  1
SA
 11
6.89
 21
2.27
 31
0.0
100
AcDbAttribute
  2
CODE
 70
1
 71
1
 72
0
 11
6.89
 21
2.27
 31
0.0
  0
ATTRIB
  5
464
330
17
100
AcDbEntity
  8
0
100
AcDbText
 10
6.89
 20
2.0900000000000003
 30
0.0
 40
0.15000000000000002
  1
Ausschalter
 11
6.89
 21
2.0900000000000003
 31
0.0
100
AcDbAttribute
  2
NAME_DE
 70
1
 71
1
 72
0
 11
6.89
 21
2.0900000000000003
 31
0.0
  0
ATTRIB
  5
465
330
17
100
AcDbEntity
  8
0
100
AcDbText
 10
6.89
 20
1.9100000000000001
 30
0.0
 40
0.15000000000000002
  1
2OG-R6
 11
6.89
 21
1.9100000000000001
 31
0.0
100
AcDbAttribute
  2
ROOM
 70
1
 71
1
 72
0
 11
6.89
 21
1.9100000000000001
 31
0.0
  0
ATTRIB
  5
466
330
17
100
AcDbEntity
  8
0
100
AcDbText
 10
6.89
 20
1.7300000000000002
 30
0.0
 40
0.15000000000000002
  1
false
 11
6.89
 21
1.7300000000000002
 31
0.0
100
AcDbAttribute
  2
VERIFIED
 70
1
 71
1
 72
0
 11
6.89
 21
1.7300000000000002
 31
0.0
  0
ATTRIB
  5
467
330
17
100
AcDbEntity
  8
0
100
AcDbText
 10
6.89
 20
1.5500000000000003
 30
0.0
 40
0.15000000000000002
  1
s73
 11
6.89
 21
1.5500000000000003
 31
0.0
100
AcDbAttribute
  2
SYMBOL_ID
 70
1
 71
1
 72
0
 11
6.89
 21
1.5500000000000003
 31
0.0
  0
SEQEND
  5
462
330
461
100
AcDbEntity
  8
E_Schalter
  0
INSERT
  5
468
330
17
100
AcDbEntity
  8
E_Steckdosen
100
AcDbBlockReference
 66
1
  2
E_SYM_SS2
 10
8.62
 20
2.52
 30
0.0
 41
0.1
 42
0.1
 43
0.1
 50
180.0
  0
ATTRIB
  5
46A
330
17
100
AcDbEntity
  8
0
100
AcDbText
 10
8.62
 20
2.7
 30
0.0
 40
0.15000000000000002
  1
SS2
 50
180.0
 11
8.62
 21
2.7
 31
0.0
100
AcDbAttribute
  2
CODE
 70
1
 71
1
 72
0
 11
8.62
 21
2.7
 31
0.0
  0
ATTRIB
  5
46B
330
17
100
AcDbEntity
  8
0
100
AcDbText
 10
8.62
 20
2.88
 30
0.0
 40
0.15000000000000002
  1
Schutzkontakt-Steckdose 2-fach
 50
180.0
 11
8.62
 21
2.88
 31
0.0
100
AcDbAttribute
  2
NAME_DE
 70
1
 71
1
 72
0
 11
8.62
 21
2.88
 31
0.0
  0
ATTRIB
  5
46C
330
17
100
AcDbEntity
  8
0
100
AcDbText
 10
8.62
 20
3.06
 30
0.0
 40
0.15000000000000002
  1
2OG-R6
 50
180.0
 11
8.62
 21
3.06
 31
0.0
100
AcDbAttribute
  2
ROOM
 70
1
 71
1
 72
0
 11
8.62
 21
3.06
 31
0.0
  0
ATTRIB
  5
46D
330
17
100
AcDbEntity
  8
0
100
AcDbText
 10
8.62
 20
3.24
 30
0.0
 40
0.15000000000000002
  1
false
 50
180.0
 11
8.62
 21
3.24
 31
0.0
100
AcDbAttribute
  2
VERIFIED
 70
1
 71
1
 72
0
 11
8.62
 21
3.24
 31
0.0
  0
ATTRIB
  5
46E
330
17
100
AcDbEntity
  8
0
100
AcDbText
 10
8.62
 20
3.42
 30
0.0
 40
0.15000000000000002
  1
s74
 50
180.0
 11
8.62
 21
3.42
 31
0.0
100
AcDbAttribute
  2
SYMBOL_ID
 70
1
 71
1
 72
0
 11
8.62
 21
3.42
 31
0.0
  0
SEQEND
  5
469
330
468
100
AcDbEntity
  8
E_Steckdosen
  0
INSERT
  5
46F
330
17
100
AcDbEntity
  8
E_Steckdosen
100
AcDbBlockReference
 66
1
  2
E_SYM_SS2
 10
8.62
 20
1.32
 30
0.0
 41
0.1
 42
0.1
 43
0.1
  0
ATTRIB
  5
471
330
17
100
AcDbEntity
  8
0
100
AcDbText
 10
8.62
 20
1.1400000000000001
 30
0.0
 40
0.15000000000000002
  1
SS2
 11
8.62
 21
1.1400000000000001
 31
0.0
100
AcDbAttribute
  2
CODE
 70
1
 71
1
 72
0
 11
8.62
 21
1.1400000000000001
 31
0.0
  0
ATTRIB
  5
472
330
17
100
AcDbEntity
  8
0
100
AcDbText
 10
8.62
 20
0.9600000000000001
 30
0.0
 40
0.15000000000000002
  1
Schutzkontakt-Steckdose 2-fach
 11
8.62
 21
0.9600000000000001
 31
0.0
100
AcDbAttribute
  2
NAME_DE
 70
1
 71
1
 72
0
 11
8.62
 21
0.9600000000000001
 31
0.0
  0
ATTRIB
  5
473
330
17
100
AcDbEntity
  8
0
100
AcDbText
 10
8.62
 20
0.7800000000000001
 30
0.0
 40
0.15000000000000002
  1
2OG-R6
 11
8.62
 21
0.7800000000000001
 31
0.0
100
AcDbAttribute
  2
ROOM
 70
1
 71
1
 72
0
 11
8.62
 21
0.7800000000000001
 31
0.0
  0
ATTRIB
  5
474
330
17
100
AcDbEntity
  8
0
100
AcDbText
 10
8.62
 20
0.6000000000000001
 30
0.0
 40
0.15000000000000002
  1
false
 11
8.62
 21
0.6000000000000001
 31
0.0
100
AcDbAttribute
  2
VERIFIED
 70
1
 71
1
 72
0
 11
8.62
 21
0.6000000000000001
 31
0.0
  0
ATTRIB
  5
475
330
17
100
AcDbEntity
  8
0
100
AcDbText
 10
8.62
 20
0.42000000000000004
 30
0.0
 40
0.15000000000000002
  1
s75
 11
8.62
 21
0.42000000000000004
 31
0.0
100
AcDbAttribute
  2
SYMBOL_ID
 70
1
 71
1
 72
0
 11
8.62
 21
0.42000000000000004
 31
0.0
  0
SEQEND
  5
470
330
46F
100
AcDbEntity
  8
E_Steckdosen
  0
INSERT
  5
476
330
17
100
AcDbEntity
  8
E_Licht
100
AcDbBlockReference
 66
1
  2
E_SYM_LD
 10
8.62
 20
0.55
 30
0.0
 41
0.1
 42
0.1
 43
0.1
  0
ATTRIB
  5
478
330
17
100
AcDbEntity
  8
0
100
AcDbText
 10
8.62
 20
0.37000000000000005
 30
0.0
 40
0.15000000000000002
  1
LD
 11
8.62
 21
0.37000000000000005
 31
0.0
100
AcDbAttribute
  2
CODE
 70
1
 71
1
 72
0
 11
8.62
 21
0.37000000000000005
 31
0.0
  0
ATTRIB
  5
479
330
17
100
AcDbEntity
  8
0
100
AcDbText
 10
8.62
 20
0.19000000000000006
 30
0.0
 40
0.15000000000000002
  1
Deckenleuchte
 11
8.62
 21
0.19000000000000006
 31
0.0
100
AcDbAttribute
  2
NAME_DE
 70
1
 71
1
 72
0
 11
8.62
 21
0.19000000000000006
 31
0.0
  0
ATTRIB
  5
47A
330
17
100
AcDbEntity
  8
0
100
AcDbText
 10
8.62
 20
0.01000000000000012
 30
0.0
 40
0.15000000000000002
  1
2OG-R7
 11
8.62
 21
0.01000000000000012
 31
0.0
100
AcDbAttribute
  2
ROOM
 70
1
 71
1
 72
0
 11
8.62
 21
0.01000000000000012
 31
0.0
  0
ATTRIB
  5
47B
330
17
100
AcDbEntity
  8
0
100
AcDbText
 10
8.62
 20
-0.16999999999999993
 30
0.0
 40
0.15000000000000002
  1
false
 11
8.62
 21
-0.16999999999999993
 31
0.0
100
AcDbAttribute
  2
VERIFIED
 70
1
 71
1
 72
0
 11
8.62
 21
-0.16999999999999993
 31
0.0
  0
ATTRIB
  5
47C
330
17
100
AcDbEntity
  8
0
100
AcDbText
 10
8.62
 20
-0.35
 30
0.0
 40
0.15000000000000002
  1
s76
 11
8.62
 21
-0.35
 31
0.0
100
AcDbAttribute
  2
SYMBOL_ID
 70
1
 71
1
 72
0
 11
8.62
 21
-0.35
 31
0.0
  0
SEQEND
  5
477
330
476
100
AcDbEntity
  8
E_Licht
  0
INSERT
  5
47D
330
17
100
AcDbEntity
  8
E_Sicherheit
100
AcDbBlockReference
 66
1
  2
E_SYM_RM
 10
9.22
 20
0.55
 30
0.0
 41
0.1
 42
0.1
 43
0.1
  0
ATTRIB
  5
47F
330
17
100
AcDbEntity
  8
0
100
AcDbText
 10
9.22
 20
0.37000000000000005
 30
0.0
 40
0.15000000000000002
  1
RM
 11
9.22
 21
0.37000000000000005
 31
0.0
100
AcDbAttribute
  2
CODE
 70
1
 71
1
 72
0
 11
9.22
 21
0.37000000000000005
 31
0.0
  0
ATTRIB
  5
480
330
17
100
AcDbEntity
  8
0
100
AcDbText
 10
9.22
 20
0.19000000000000006
 30
0.0
 40
0.15000000000000002
  1
Rauchwarnmelder
 11
9.22
 21
0.19000000000000006
 31
0.0
100
AcDbAttribute
  2
NAME_DE
 70
1
 71
1
 72
0
 11
9.22
 21
0.19000000000000006
 31
0.0
  0
ATTRIB
  5
481
330
17
100
AcDbEntity
  8
0
100
AcDbText
 10
9.22
 20
0.01000000000000012
 30
0.0
 40
0.15000000000000002
  1
2OG-R7
 11
9.22
 21
0.01000000000000012
 31
0.0
100
AcDbAttribute
  2
ROOM
 70
1
 71
1
 72
0
 11
9.22
 21
0.01000000000000012
 31
0.0
  0
ATTRIB
  5
482
330
17
100
AcDbEntity
  8
0
100
AcDbText
 10
9.22
 20
-0.16999999999999993
 30
0.0
 40
0.15000000000000002
  1
false
 11
9.22
 21
-0.16999999999999993
 31
0.0
100
AcDbAttribute
  2
VERIFIED
 70
1
 71
1
 72
0
 11
9.22
 21
-0.16999999999999993
 31
0.0
  0
ATTRIB
  5
483
330
17
100
AcDbEntity
  8
0
100
AcDbText
 10
9.22
 20
-0.35
 30
0.0
 40
0.15000000000000002
  1
s77
 11
9.22
 21
-0.35
 31
0.0
100
AcDbAttribute
  2
SYMBOL_ID
 70
1
 71
1
 72
0
 11
9.22
 21
-0.35
 31
0.0
  0
SEQEND
  5
47E
330
47D
100
AcDbEntity
  8
E_Sicherheit
  0
INSERT
  5
484
330
17
100
AcDbEntity
  8
E_Schalter
100
AcDbBlockReference
 66
1
  2
E_SYM_SA
 10
6.89
 20
1.05
 30
0.0
 41
0.1
 42
0.1
 43
0.1
  0
ATTRIB
  5
486
330
17
100
AcDbEntity
  8
0
100
AcDbText
 10
6.89
 20
0.8700000000000001
 30
0.0
 40
0.15000000000000002
  1
SA
 11
6.89
 21
0.8700000000000001
 31
0.0
100
AcDbAttribute
  2
CODE
 70
1
 71
1
 72
0
 11
6.89
 21
0.8700000000000001
 31
0.0
  0
ATTRIB
  5
487
330
17
100
AcDbEntity
  8
0
100
AcDbText
 10
6.89
 20
0.6900000000000001
 30
0.0
 40
0.15000000000000002
  1
Ausschalter
 11
6.89
 21
0.6900000000000001
 31
0.0
100
AcDbAttribute
  2
NAME_DE
 70
1
 71
1
 72
0
 11
6.89
 21
0.6900000000000001
 31
0.0
  0
ATTRIB
  5
488
330
17
100
AcDbEntity
  8
0
100
AcDbText
 10
6.89
 20
0.5100000000000001
 30
0.0
 40
0.15000000000000002
  1
2OG-R7
 11
6.89
 21
0.5100000000000001
 31
0.0
100
AcDbAttribute
  2
ROOM
 70
1
 71
1
 72
0
 11
6.89
 21
0.5100000000000001
 31
0.0
  0
ATTRIB
  5
489
330
17
100
AcDbEntity
  8
0
100
AcDbText
 10
6.89
 20
0.33000000000000007
 30
0.0
 40
0.15000000000000002
  1
false
 11
6.89
 21
0.33000000000000007
 31
0.0
100
AcDbAttribute
  2
VERIFIED
 70
1
 71
1
 72
0
 11
6.89
 21
0.33000000000000007
 31
0.0
  0
ATTRIB
  5
48A
330
17
100
AcDbEntity
  8
0
100
AcDbText
 10
6.89
 20
0.15000000000000002
 30
0.0
 40
0.15000000000000002
  1
s78
 11
6.89
 21
0.15000000000000002
 31
0.0
100
AcDbAttribute
  2
SYMBOL_ID
 70
1
 71
1
 72
0
 11
6.89
 21
0.15000000000000002
 31
0.0
  0
SEQEND
  5
485
330
484
100
AcDbEntity
  8
E_Schalter
  0
INSERT
  5
48B
330
17
100
AcDbEntity
  8
E_Steckdosen
100
AcDbBlockReference
 66
1
  2
E_SYM_SS2
 10
10.4
 20
0.55
 30
0.0
 41
0.1
 42
0.1
 43
0.1
 50
90.0
  0
ATTRIB
  5
48D
330
17
100
AcDbEntity
  8
0
100
AcDbText
 10
10.58
 20
0.55
 30
0.0
 40
0.15000000000000002
  1
SS2
 50
90.0
 11
10.58
 21
0.55
 31
0.0
100
AcDbAttribute
  2
CODE
 70
1
 71
1
 72
0
 11
10.58
 21
0.55
 31
0.0
  0
ATTRIB
  5
48E
330
17
100
AcDbEntity
  8
0
100
AcDbText
 10
10.76
 20
0.55
 30
0.0
 40
0.15000000000000002
  1
Schutzkontakt-Steckdose 2-fach
 50
90.0
 11
10.76
 21
0.55
 31
0.0
100
AcDbAttribute
  2
NAME_DE
 70
1
 71
1
 72
0
 11
10.76
 21
0.55
 31
0.0
  0
ATTRIB
  5
48F
330
17
100
AcDbEntity
  8
0
100
AcDbText
 10
10.94
 20
0.55
 30
0.0
 40
0.15000000000000002
  1
2OG-R7
 50
90.0
 11
10.94
 21
0.55
 31
0.0
100
AcDbAttribute
  2
ROOM
 70
1
 71
1
 72
0
 11
10.94
 21
0.55
 31
0.0
  0
ATTRIB
  5
490
330
17
100
AcDbEntity
  8
0
100
AcDbText
 10
11.120000000000001
 20
0.55
 30
0.0
 40
0.15000000000000002
  1
false
 50
90.0
 11
11.120000000000001
 21
0.55
 31
0.0
100
AcDbAttribute
  2
VERIFIED
 70
1
 71
1
 72
0
 11
11.120000000000001
 21
0.55
 31
0.0
  0
ATTRIB
  5
491
330
17
100
AcDbEntity
  8
0
100
AcDbText
 10
11.3
 20
0.55
 30
0.0
 40
0.15000000000000002
  1
s79
 50
90.0
 11
11.3
 21
0.55
 31
0.0
100
AcDbAttribute
  2
SYMBOL_ID
 70
1
 71
1
 72
0
 11
11.3
 21
0.55
 31
0.0
  0
SEQEND
  5
48C
330
48B
100
AcDbEntity
  8
E_Steckdosen
  0
INSERT
  5
492
330
17
100
AcDbEntity
  8
E_Steckdosen
100
AcDbBlockReference
 66
1
  2
E_SYM_SS2
 10
8.62
 20
1.0
 30
0.0
 41
0.1
 42
0.1
 43
0.1
 50
180.0
  0
ATTRIB
  5
494
330
17
100
AcDbEntity
  8
0
100
AcDbText
 10
8.62
 20
1.18
 30
0.0
 40
0.15000000000000002
  1
SS2
 50
180.0
 11
8.62
 21
1.18
 31
0.0
100
AcDbAttribute
  2
CODE
 70
1
 71
1
 72
0
 11
8.62
 21
1.18
 31
0.0
  0
ATTRIB
  5
495
330
17
100
AcDbEntity
  8
0
100
AcDbText
 10
8.62
 20
1.3599999999999999
 30
0.0
 40
0.15000000000000002
  1
Schutzkontakt-Steckdose 2-fach
 50
180.0
 11
8.62
 21
1.3599999999999999
 31
0.0
100
AcDbAttribute
  2
NAME_DE
 70
1
 71
1
 72
0
 11
8.62
 21
1.3599999999999999
 31
0.0
  0
ATTRIB
  5
496
330
17
100
AcDbEntity
  8
0
100
AcDbText
 10
8.62
 20
1.54
 30
0.0
 40
0.15000000000000002
  1
2OG-R7
 50
180.0
 11
8.62
 21
1.54
 31
0.0
100
AcDbAttribute
  2
ROOM
 70
1
 71
1
 72
0
 11
8.62
 21
1.54
 31
0.0
  0
ATTRIB
  5
497
330
17
100
AcDbEntity
  8
0
100
AcDbText
 10
8.62
 20
1.72
 30
0.0
 40
0.15000000000000002
  1
false
 50
180.0
 11
8.62
 21
1.72
 31
0.0
100
AcDbAttribute
  2
VERIFIED
 70
1
 71
1
 72
0
 11
8.62
 21
1.72
 31
0.0
  0
ATTRIB
  5
498
330
17
100
AcDbEntity
  8
0
100
AcDbText
 10
8.62
 20
1.9
 30
0.0
 40
0.15000000000000002
  1
s80
 50
180.0
 11
8.62
 21
1.9
 31
0.0
100
AcDbAttribute
  2
SYMBOL_ID
 70
1
 71
1
 72
0
 11
8.62
 21
1.9
 31
0.0
  0
SEQEND
  5
493
330
492
100
AcDbEntity
  8
E_Steckdosen
  0
INSERT
  5
499
330
17
100
AcDbEntity
  8
E_Steckdosen
100
AcDbBlockReference
 66
1
  2
E_SYM_SS2
 10
8.62
 20
0.1
 30
0.0
 41
0.1
 42
0.1
 43
0.1
  0
ATTRIB
  5
49B
330
17
100
AcDbEntity
  8
0
100
AcDbText
 10
8.62
 20
-0.07999999999999999
 30
0.0
 40
0.15000000000000002
  1
SS2
 11
8.62
 21
-0.07999999999999999
 31
0.0
100
AcDbAttribute
  2
CODE
 70
1
 71
1
 72
0
 11
8.62
 21
-0.07999999999999999
 31
0.0
  0
ATTRIB
  5
49C
330
17
100
AcDbEntity
  8
0
100
AcDbText
 10
8.62
 20
-0.26
 30
0.0
 40
0.15000000000000002
  1
Schutzkontakt-Steckdose 2-fach
 11
8.62
 21
-0.26
 31
0.0
100
AcDbAttribute
  2
NAME_DE
 70
1
 71
1
 72
0
 11
8.62
 21
-0.26
 31
0.0
  0
ATTRIB
  5
49D
330
17
100
AcDbEntity
  8
0
100
AcDbText
 10
8.62
 20
-0.43999999999999995
 30
0.0
 40
0.15000000000000002
  1
2OG-R7
 11
8.62
 21
-0.43999999999999995
 31
0.0
100
AcDbAttribute
  2
ROOM
 70
1
 71
1
 72
0
 11
8.62
 21
-0.43999999999999995
 31
0.0
  0
ATTRIB
  5
49E
330
17
100
AcDbEntity
  8
0
100
AcDbText
 10
8.62
 20
-0.62
 30
0.0
 40
0.15000000000000002
  1
false
 11
8.62
 21
-0.62
 31
0.0
100
AcDbAttribute
  2
VERIFIED
 70
1
 71
1
 72
0
 11
8.62
 21
-0.62
 31
0.0
  0
ATTRIB
  5
49F
330
17
100
AcDbEntity
  8
0
100
AcDbText
 10
8.62
 20
-0.8
 30
0.0
 40
0.15000000000000002
  1
s81
 11
8.62
 21
-0.8
 31
0.0
100
AcDbAttribute
  2
SYMBOL_ID
 70
1
 71
1
 72
0
 11
8.62
 21
-0.8
 31
0.0
  0
SEQEND
  5
49A
330
499
100
AcDbEntity
  8
E_Steckdosen
  0
LINE
  5
4A0
330
17
100
AcDbEntity
  8
E_Verbindungen
  6
E_VERBINDUNG
100
AcDbLine
 10
5.05
 20
4.4
 30
0.0
 11
5.12
 21
2.25
 31
0.0
  0
LINE
  5
4A1
330
17
100
AcDbEntity
  8
E_Verbindungen
  6
E_VERBINDUNG
100
AcDbLine
 10
5.57
 20
4.4
 30
0.0
 11
5.12
 21
2.25
 31
0.0
  0
LINE
  5
4A2
330
17
100
AcDbEntity
  8
E_Verbindungen
  6
E_VERBINDUNG
100
AcDbLine
 10
3.85
 20
2.65
 30
0.0
 11
5.12
 21
2.25
 31
0.0
  0
LINE
  5
4A3
330
17
100
AcDbEntity
  8
E_Verbindungen
  6
E_VERBINDUNG
100
AcDbLine
 10
6.39
 20
4.05
 30
0.0
 11
5.12
 21
2.25
 31
0.0
  0
LINE
  5
4A4
330
17
100
AcDbEntity
  8
E_Verbindungen
  6
E_VERBINDUNG
100
AcDbLine
 10
6.39
 20
2.45
 30
0.0
 11
5.12
 21
2.25
 31
0.0
  0
LINE
  5
4A5
330
17
100
AcDbEntity
  8
E_Verbindungen
  6
E_VERBINDUNG
100
AcDbLine
 10
6.39
 20
1.05
 30
0.0
 11
5.12
 21
2.25
 31
0.0
  0
LINE
  5
4A6
330
17
100
AcDbEntity
  8
E_Verbindungen
  6
E_VERBINDUNG
100
AcDbLine
 10
5.75
 20
0.15
 30
0.0
 11
5.12
 21
2.25
 31
0.0
  0
LINE
  5
4A7
330
17
100
AcDbEntity
  8
E_Verbindungen
  6
E_VERBINDUNG
100
AcDbLine
 10
3.05
 20
4.9
 30
0.0
 11
2.75
 21
6.625
 31
0.0
  0
LINE
  5
4A8
330
17
100
AcDbEntity
  8
E_Verbindungen
  6
E_VERBINDUNG
100
AcDbLine
 10
5.05
 20
4.9
 30
0.0
 11
2.75
 21
6.625
 31
0.0
  0
LINE
  5
4A9
330
17
100
AcDbEntity
  8
E_Verbindungen
  6
E_VERBINDUNG
100
AcDbLine
 10
5.57
 20
4.9
 30
0.0
 11
8.06
 21
6.625
 31
0.0
  0
LINE
  5
4AA
330
17
100
AcDbEntity
  8
E_Verbindungen
  6
E_VERBINDUNG
100
AcDbLine
 10
3.05
 20
4.4
 30
0.0
 11
1.75
 21
2.25
 31
0.0
  0
LINE
  5
4AB
330
17
100
AcDbEntity
  8
E_Verbindungen
  6
E_VERBINDUNG
100
AcDbLine
 10
3.35
 20
2.65
 30
0.0
 11
1.75
 21
2.25
 31
0.0
  0
LINE
  5
4AC
330
17
100
AcDbEntity
  8
E_Verbindungen
  6
E_VERBINDUNG
100
AcDbLine
 10
6.89
 20
4.05
 30
0.0
 11
8.62
 21
3.62
 31
0.0
  0
LINE
  5
4AD
330
17
100
AcDbEntity
  8
E_Verbindungen
  6
E_VERBINDUNG
100
AcDbLine
 10
6.89
 20
2.45
 30
0.0
 11
8.62
 21
1.92
 31
0.0
  0
LINE
  5
4AE
330
17
100
AcDbEntity
  8
E_Verbindungen
  6
E_VERBINDUNG
100
AcDbLine
 10
6.89
 20
1.05
 30
0.0
 11
8.62
 21
0.55
 31
0.0
  0
TEXT
  5
4AF
330
17
100
AcDbEntity
  8
E_Hinweis
100
AcDbText
 10
0.1
 20
9.4
 30
0.0
 40
0.30000000000000004
  1
Elektro symbols UNVERIFIED (at-iec60617-draft1 v0.1.0, IEC 60617 draft set, not checked against the standard): layout complex example of synthetic_flat.plan.json, storey 2OG, 81 symbols, 15 links. Written by tools/export_layout_dxf.py.
 11
0.1
 21
9.4
 31
0.0
100
AcDbText
  0
VIEWPORT
  5
1BE
330
1B
100
AcDbEntity
 67
1
  8
VIEWPORTS
100
AcDbViewport
 10
200.0
 20
138.5
 30
0.0
 40
462.00000000000006
 41
326.70000000000005
 68
1
 69
1
 12
200.0
 22
138.5
 13
0.0
 23
0.0
 14
10.0
 24
10.0
 15
10.0
 25
10.0
 16
0.0
 26
0.0
 36
1.0
 17
0.0
 27
0.0
 37
0.0
 42
50.0
 43
0.0
 44
0.0
 45
326.70000000000005
 50
0.0
 51
0.0
 72
100
 90
557088
  1

281
0
 71
0
 74
0
110
0.0
120
0.0
130
0.0
111
1.0
121
0.0
131
0.0
112
0.0
122
1.0
132
0.0
 79
0
146
0.0
282
0
  0
VIEWPORT
  5
1BF
330
1B
100
AcDbEntity
 67
1
  8
2OG_90_Plankopf
100
AcDbViewport
 10
145.0
 20
150.0
 30
0.0
 40
250.0
 41
240.0
 68
2
 69
3
 12
5.0
 22
4.0
 13
0.0
 23
0.0
 14
10.0
 24
10.0
 15
10.0
 25
10.0
 16
0.0
 26
0.0
 36
1.0
 17
0.0
 27
0.0
 37
0.0
 42
50.0
 43
0.0
 44
0.0
 45
24.0
 50
0.0
 51
0.0
 72
100
 90
0
  1

281
0
 71
0
 74
0
110
0.0
120
0.0
130
0.0
111
1.0
121
0.0
131
0.0
112
0.0
122
1.0
132
0.0
 79
0
146
0.0
282
0
  0
LWPOLYLINE
  5
1C0
330
1B
100
AcDbEntity
 67
1
  8
2OG_90_Plankopf
100
AcDbPolyline
 90
4
 70
1
 10
10.0
 20
10.0
 10
410.0
 20
10.0
 10
410.0
 20
287.0
 10
10.0
 20
287.0
  0
LWPOLYLINE
  5
1C1
330
1B
100
AcDbEntity
 67
1
  8
2OG_90_Plankopf
100
AcDbPolyline
 90
4
 70
1
 10
285.0
 20
10.0
 10
410.0
 20
10.0
 10
410.0
 20
80.0
 10
285.0
 20
80.0
  0
TEXT
  5
1C2
330
1B
100
AcDbEntity
 67
1
  8
2OG_90_Plankopf
100
AcDbText
 10
288.0
 20
72.5
 30
0.0
 40
3.0
  1
Musterwohnung – synthetisches Beispiel
 11
288.0
 21
72.5
 31
0.0
100
AcDbText
  0
TEXT
  5
1C3
330
1B
100
AcDbEntity
 67
1
  8
2OG_90_Plankopf
100
AcDbText
 10
288.0
 20
65.0
 30
0.0
 40
3.0
  1
Musterstraße 1, 1010 Wien (fiktive Adresse)
 11
288.0
 21
65.0
 31
0.0
100
AcDbText
  0
TEXT
  5
1C4
330
1B
100
AcDbEntity
 67
1
  8
2OG_90_Plankopf
100
AcDbText
 10
288.0
 20
57.5
 30
0.0
 40
3.0
  1
Grundriss 2. OG – Bestand / Abbruch / Neubau
 11
288.0
 21
57.5
 31
0.0
100
AcDbText
  0
TEXT
  5
1C5
330
1B
100
AcDbEntity
 67
1
  8
2OG_90_Plankopf
100
AcDbText
 10
288.0
 20
50.0
 30
0.0
 40
3.0
  1
Maßstab 1:100 – Einheiten: Meter
 11
288.0
 21
50.0
 31
0.0
100
AcDbText
  0
TEXT
  5
1C6
330
1B
100
AcDbEntity
 67
1
  8
2OG_90_Plankopf
100
AcDbText
 10
288.0
 20
42.5
 30
0.0
 40
3.0
  1
Plandatum: 2026-01-01
 11
288.0
 21
42.5
 31
0.0
100
AcDbText
  0
TEXT
  5
1C7
330
1B
100
AcDbEntity
 67
1
  8
2OG_90_Plankopf
100
AcDbText
 10
288.0
 20
35.0
 30
0.0
 40
3.0
  1
SYNTHETISCH – KEINE REALEN GEBÄUDEDATEN
 11
288.0
 21
35.0
 31
0.0
100
AcDbText
  0
ENDSEC
  0
SECTION
  2
OBJECTS
  0
DICTIONARY
  5
A
330
0
100
AcDbDictionary
281
1
  3
ACAD_COLOR
350
B
  3
ACAD_GROUP
350
C
  3
ACAD_LAYOUT
350
D
  3
ACAD_MATERIAL
350
E
  3
ACAD_MLEADERSTYLE
350
F
  3
ACAD_MLINESTYLE
350
10
  3
ACAD_PLOTSETTINGS
350
11
  3
ACAD_PLOTSTYLENAME
350
12
  3
ACAD_SCALELIST
350
14
  3
ACAD_TABLESTYLE
350
15
  3
ACAD_VISUALSTYLE
350
16
  3
EZDXF_META
350
2D
  0
DICTIONARY
  5
B
330
A
100
AcDbDictionary
281
1
  0
DICTIONARY
  5
C
330
A
100
AcDbDictionary
281
1
  0
DICTIONARY
  5
D
330
A
100
AcDbDictionary
281
1
  3
Model
350
1A
  3
Layout1
350
1E
  0
DICTIONARY
  5
E
330
A
100
AcDbDictionary
281
1
  3
ByBlock
350
1F
  3
ByLayer
350
20
  3
Global
350
21
  0
DICTIONARY
  5
F
330
A
100
AcDbDictionary
281
1
  3
Standard
350
2C
  0
DICTIONARY
  5
10
330
A
100
AcDbDictionary
281
1
  3
Standard
350
22
  0
DICTIONARY
  5
11
330
A
100
AcDbDictionary
281
1
  0
ACDBDICTIONARYWDFLT
  5
12
330
A
100
AcDbDictionary
281
1
  3
Normal
350
13
100
AcDbDictionaryWithDefault
340
13
  0
ACDBPLACEHOLDER
  5
13
330
12
  0
DICTIONARY
  5
14
330
A
100
AcDbDictionary
281
1
  0
DICTIONARY
  5
15
330
A
100
AcDbDictionary
281
1
  0
DICTIONARY
  5
16
330
A
100
AcDbDictionary
281
1
  3
2dWireframe
350
5A
  3
Basic
350
5B
  3
Brighten
350
5C
  3
ColorChange
350
5D
  3
Conceptual
350
5E
  3
Dim
350
5F
  3
EdgeColorOff
350
60
  3
Facepattern
350
61
  3
Flat
350
62
  3
FlatWithEdges
350
63
  3
Gouraud
350
64
  3
GouraudWithEdges
350
65
  3
Hidden
350
66
  3
JitterOff
350
67
  3
Linepattern
350
68
  3
Modeling
350
69
  3
OverhangOff
350
6A
  3
Realistic
350
6B
  3
Shaded
350
6C
  3
Shaded with edges
350
6D
  3
Shades of Gray
350
6E
  3
Sketchy
350
6F
  3
Thicken
350
70
  3
Wireframe
350
71
  3
X-Ray
350
72
  0
LAYOUT
  5
1A
330
D
100
AcDbPlotSettings
  1

  4
A3
  6

 40
7.5
 41
20.0
 42
7.5
 43
20.0
 44
420.0
 45
297.0
 46
0.0
 47
0.0
 48
0.0
 49
0.0
140
0.0
141
0.0
142
1.0
143
1.0
 70
1024
 72
1
 73
0
 74
5
  7

 75
16
 76
0
 77
2
 78
300
147
1.0
148
0.0
149
0.0
100
AcDbLayout
  1
Model
 70
1
 71
0
 10
0.0
 20
0.0
 11
420.0
 21
297.0
 12
0.0
 22
0.0
 32
0.0
 14
1e+20
 24
1e+20
 34
1e+20
 15
-1e+20
 25
-1e+20
 35
-1e+20
146
0.0
 13
0.0
 23
0.0
 33
0.0
 16
1.0
 26
0.0
 36
0.0
 17
0.0
 27
1.0
 37
0.0
 76
1
330
17
  0
LAYOUT
  5
1E
330
D
100
AcDbPlotSettings
  1

  2
DWG to PDF.pc3
  4
ezdxf_(420.00_x_297.00_MM)
  6

 40
10.0
 41
10.0
 42
10.0
 43
10.0
 44
420.0
 45
297.0
 46
0.0
 47
0.0
 48
0.0
 49
0.0
140
0.0
141
0.0
142
1.0
143
1.0
 70
672
 72
1
 73
0
 74
5
  7

 75
16
 76
0
 77
2
 78
300
147
1.0
148
0.0
149
0.0
100
AcDbLayout
  1
Layout1
 70
1
 71
1
 10
-10.0
 20
-10.0
 11
410.0
 21
287.0
 12
0.0
 22
0.0
 32
0.0
 14
1e+20
 24
1e+20
 34
1e+20
 15
-1e+20
 25
-1e+20
 35
-1e+20
146
0.0
 13
0.0
 23
0.0
 33
0.0
 16
1.0
 26
0.0
 36
0.0
 17
0.0
 27
1.0
 37
0.0
 76
1
330
1B
331
1BE
  0
MATERIAL
  5
1F
102
{ACAD_REACTORS
330
E
102
}
330
E
100
AcDbMaterial
  1
ByBlock
  2

 70
0
 40
1.0
 71
1
 41
1.0
 91
-1023410177
 42
1.0
 72
1
  3

 73
1
 74
1
 75
1
 44
0.5
 73
0
 45
1.0
 46
1.0
 77
1
  4

 78
1
 79
1
170
1
 48
1.0
171
1
  6

172
1
173
1
174
1
140
1.0
141
1.0
175
1
  7

176
1
177
1
178
1
143
1.0
179
1
  8

270
1
271
1
272
1
145
1.0
146
1.0
273
1
  9

274
1
275
1
276
1
 42
1.0
 72
1
  3

 73
1
 74
1
 75
1
 94
63
  0
MATERIAL
  5
20
102
{ACAD_REACTORS
330
E
102
}
330
E
100
AcDbMaterial
  1
ByLayer
  2

 70
0
 40
1.0
 71
1
 41
1.0
 91
-1023410177
 42
1.0
 72
1
  3

 73
1
 74
1
 75
1
 44
0.5
 73
0
 45
1.0
 46
1.0
 77
1
  4

 78
1
 79
1
170
1
 48
1.0
171
1
  6

172
1
173
1
174
1
140
1.0
141
1.0
175
1
  7

176
1
177
1
178
1
143
1.0
179
1
  8

270
1
271
1
272
1
145
1.0
146
1.0
273
1
  9

274
1
275
1
276
1
 42
1.0
 72
1
  3

 73
1
 74
1
 75
1
 94
63
  0
MATERIAL
  5
21
102
{ACAD_REACTORS
330
E
102
}
330
E
100
AcDbMaterial
  1
Global
  2

 70
0
 40
1.0
 71
1
 41
1.0
 91
-1023410177
 42
1.0
 72
1
  3

 73
1
 74
1
 75
1
 44
0.5
 73
0
 45
1.0
 46
1.0
 77
1
  4

 78
1
 79
1
170
1
 48
1.0
171
1
  6

172
1
173
1
174
1
140
1.0
141
1.0
175
1
  7

176
1
177
1
178
1
143
1.0
179
1
  8

270
1
271
1
272
1
145
1.0
146
1.0
273
1
  9

274
1
275
1
276
1
 42
1.0
 72
1
  3

 73
1
 74
1
 75
1
 94
63
  0
MLINESTYLE
  5
22
102
{ACAD_REACTORS
330
10
102
}
330
10
100
AcDbMlineStyle
  2
Standard
 70
0
  3

 62
256
 51
90.0
 52
90.0
 71
2
 49
0.5
 62
256
  6
BYLAYER
 49
-0.5
 62
256
  6
BYLAYER
  0
MLEADERSTYLE
  5
2C
102
{ACAD_REACTORS
330
F
102
}
330
F
100
AcDbMLeaderStyle
179
2
170
2
171
1
172
0
 90
2
 40
0.0
 41
0.0
173
1
 91
-1056964608
 92
-2
290
1
 42
2.0
291
1
 43
8.0
  3
Standard
 44
4.0
300

342
29
174
1
175
1
176
0
178
1
 93
-1056964608
 45
4.0
292
0
297
0
 46
4.0
 94
-1056964608
 47
1.0
 49
1.0
140
1.0
294
1
141
0.0
177
0
142
1.0
295
0
296
0
143
3.75
271
0
272
9
273
9
  0
DICTIONARY
  5
2D
330
A
100
AcDbDictionary
280
1
281
1
  3
CREATED_BY_EZDXF
350
2E
  3
WRITTEN_BY_EZDXF
350
1CA
  0
DICTIONARYVAR
  5
2E
330
2D
100
DictionaryVariables
280
0
  1
0.0 @ 2000-01-01T00:00:00.000000+00:00
  0
VISUALSTYLE
  5
5A
102
{ACAD_REACTORS
330
16
102
}
330
16
100
AcDbVisualStyle
  2
2dWireframe
 70
4
177
3
291
0
 70
58
 90
2
176
1
 90
2
176
1
 90
0
176
1
 90
0
176
1
 40
0.6
176
1
 40
30.0
176
1
 62
7
420
16777215
176
1
 90
1
176
1
 90
4
176
1
 62
7
176
1
 62
257
176
1
 90
1
176
1
 90
1
176
1
 40
1.0
176
1
 90
8
176
1
 62
7
176
1
 40
1.0
176
1
 90
1
176
1
 90
6
176
1
 90
2
176
1
 62
7
176
1
 90
5
176
1
 90
0
176
1
 90
0
176
1
290
0
176
1
 90
1
176
1
 40
0.0
176
1
 90
0
176
1
290
1
176
1
290
1
176
1
290
0
176
1
290
0
176
1
290
0
176
1
290
0
176
1
290
0
176
1
290
0
176
1
290
0
176
1
 90
50
176
1
 40
0.0
176
1
 40
1.0
176
1
 90
0
176
1
 62
18
420
0
176
1
 90
50
176
1
 90
3
176
1
 62
5
420
255
176
1
290
0
176
1
 90
50
176
1
 90
50
176
1
 90
50
176
1
290
0
176
1
 90
50
176
1
 62
256
176
0
 40
1.0
176
0
 90
2
176
1
  1
strokes_ogs.tif
176
1
290
0
176
1
 40
1.0
176
1
 40
1.0
176
1
  0
VISUALSTYLE
  5
5B
102
{ACAD_REACTORS
330
16
102
}
330
16
100
AcDbVisualStyle
  2
Basic
 70
7
177
3
291
1
 70
58
 90
2
176
1
 90
2
176
1
 90
0
176
1
 90
1
176
1
 40
0.6
176
1
 40
30.0
176
1
 62
7
420
16777215
176
1
 90
1
176
1
 90
4
176
1
 62
7
176
1
 62
257
176
1
 90
1
176
1
 90
1
176
1
 40
1.0
176
1
 90
8
176
1
 62
7
176
1
 40
1.0
176
1
 90
1
176
1
 90
6
176
1
 90
2
176
1
 62
7
176
1
 90
5
176
1
 90
0
176
1
 90
0
176
1
290
0
176
1
 90
1
176
1
 40
0.0
176
1
 90
0
176
1
290
0
176
1
290
1
176
1
290
1
176
1
290
0
176
1
290
0
176
1
290
0
176
1
290
0
176
1
290
0
176
1
290
0
176
1
 90
50
176
1
 40
0.0
176
1
 40
1.0
176
1
 90
0
176
1
 62
18
420
0
176
1
 90
50
176
1
 90
3
176
1
 62
5
420
255
176
1
290
0
176
1
 90
50
176
1
 90
50
176
1
 90
50
176
1
290
0
176
1
 90
50
176
1
 62
256
176
0
 40
1.0
176
0
 90
2
176
1
  1
strokes_ogs.tif
176
1
290
0
176
1
 40
1.0
176
1
 40
1.0
176
1
  0
VISUALSTYLE
  5
5C
102
{ACAD_REACTORS
330
16
102
}
330
16
100
AcDbVisualStyle
  2
Brighten
 70
12
177
3
291
1
 70
58
 90
2
176
1
 90
2
176
1
 90
0
176
1
 90
2
176
1
 40
0.6
176
1
 40
30.0
176
1
 62
7
420
16777215
176
1
 90
1
176
1
 90
4
176
1
 62
7
176
1
 62
257
176
1
 90
1
176
1
 90
1
176
1
 40
1.0
176
1
 90
8
176
1
 62
7
176
1
 40
1.0
176
1
 90
1
176
1
 90
6
176
1
 90
2
176
1
 62
7
176
1
 90
5
176
1
 90
0
176
1
 90
0
176
1
290
0
176
1
 90
1
176
1
 40
0.0
176
1
 90
0
176
1
290
0
176
1
290
1
176
1
290
1
176
1
290
0
176
1
290
0
176
1
290
0
176
1
290
0
176
1
290
0
176
1
290
0
176
1
 90
50
176
1
 40
0.0
176
1
 40
1.0
176
1
 90
0
176
1
 62
18
420
0
176
1
 90
50
176
1
 90
3
176
1
 62
5
420
255
176
1
290
0
176
1
 90
50
176
1
 90
50
176
1
 90
50
176
1
290
0
176
1
 90
50
176
1
 62
256
176
0
 40
1.0
176
0
 90
2
176
1
  1
strokes_ogs.tif
176
1
290
0
176
1
 40
1.0
176
1
 40
1.0
176
1
  0
VISUALSTYLE
  5
5D
102
{ACAD_REACTORS
330
16
102
}
330
16
100
AcDbVisualStyle
  2
ColorChange
 70
16
177
3
291
1
 70
58
 90
2
176
1
 90
2
176
1
 90
0
176
1
 90
2
176
1
 40
0.6
176
1
 40
30.0
176
1
 62
7
420
16777215
176
1
 90
1
176
1
 90
4
176
1
 62
7
176
1
 62
257
176
1
 90
1
176
1
 90
1
176
1
 40
1.0
176
1
 90
8
176
1
 62
7
176
1
 40
1.0
176
1
 90
1
176
1
 90
6
176
1
 90
2
176
1
 62
7
176
1
 90
5
176
1
 90
0
176
1
 90
0
176
1
290
0
176
1
 90
1
176
1
 40
0.0
176
1
 90
0
176
1
290
0
176
1
290
1
176
1
290
1
176
1
290
0
176
1
290
0
176
1
290
0
176
1
290
0
176
1
290
0
176
1
290
0
176
1
 90
50
176
1
 40
0.0
176
1
 40
1.0
176
1
 90
0
176
1
 62
18
420
0
176
1
 90
50
176
1
 90
3
176
1
 62
5
420
255
176
1
290
0
176
1
 90
50
176
1
 90
50
176
1
 90
50
176
1
290
0
176
1
 90
50
176
1
 62
256
176
0
 40
1.0
176
0
 90
2
176
1
  1
strokes_ogs.tif
176
1
290
0
176
1
 40
1.0
176
1
 40
1.0
176
1
  0
VISUALSTYLE
  5
5E
102
{ACAD_REACTORS
330
16
102
}
330
16
100
AcDbVisualStyle
  2
Conceptual
 70
9
177
3
291
0
 70
58
 90
2
176
1
 90
2
176
1
 90
0
176
1
 90
3
176
1
 40
0.6
176
1
 40
30.0
176
1
 62
7
420
16777215
176
1
 90
1
176
1
 90
4
176
1
 62
7
176
1
 62
257
176
1
 90
1
176
1
 90
1
176
1
 40
1.0
176
1
 90
8
176
1
 62
7
176
1
 40
1.0
176
1
 90
1
176
1
 90
6
176
1
 90
2
176
1
 62
7
176
1
 90
5
176
1
 90
0
176
1
 90
0
176
1
290
0
176
1
 90
1
176
1
 40
0.0
176
1
 90
0
176
1
290
0
176
1
290
1
176
1
290
1
176
1
290
0
176
1
290
0
176
1
290
0
176
1
290
0
176
1
290
0
176
1
290
0
176
1
 90
50
176
1
 40
0.0
176
1
 40
1.0
176
1
 90
0
176
1
 62
18
420
0
176
1
 90
50
176
1
 90
3
176
1
 62
5
420
255
176
1
290
0
176
1
 90
50
176
1
 90
50
176
1
 90
50
176
1
290
0
176
1
 90
50
176
1
 62
256
176
0
 40
1.0
176
0
 90
2
176
1
  1
strokes_ogs.tif
176
1
290
0
176
1
 40
1.0
176
1
 40
1.0
176
1
  0
VISUALSTYLE
  5
5F
102
{ACAD_REACTORS
330
16
102
}
330
16
100
AcDbVisualStyle
  2
Dim
 70
11
177
3
291
1
 70
58
 90
2
176
1
 90
2
176
1
 90
0
176
1
 90
2
176
1
 40
0.6
176
1
 40
30.0
176
1
 62
7
420
16777215
176
1
 90
1
176
1
 90
4
176
1
 62
7
176
1
 62
257
176
1
 90
1
176
1
 90
1
176
1
 40
1.0
176
1
 90
8
176
1
 62
7
176
1
 40
1.0
176
1
 90
1
176
1
 90
6
176
1
 90
2
176
1
 62
7
176
1
 90
5
176
1
 90
0
176
1
 90
0
176
1
290
0
176
1
 90
1
176
1
 40
0.0
176
1
 90
0
176
1
290
0
176
1
290
1
176
1
290
1
176
1
290
0
176
1
290
0
176
1
290
0
176
1
290
0
176
1
290
0
176
1
290
0
176
1
 90
50
176
1
 40
0.0
176
1
 40
1.0
176
1
 90
0
176
1
 62
18
420
0
176
1
 90
50
176
1
 90
3
176
1
 62
5
420
255
176
1
290
0
176
1
 90
50
176
1
 90
50
176
1
 90
50
176
1
290
0
176
1
 90
50
176
1
 62
256
176
0
 40
1.0
176
0
 90
2
176
1
  1
strokes_ogs.tif
176
1
290
0
176
1
 40
1.0
176
1
 40
1.0
176
1
  0
VISUALSTYLE
  5
60
102
{ACAD_REACTORS
330
16
102
}
330
16
100
AcDbVisualStyle
  2
EdgeColorOff
 70
22
177
3
291
1
 70
58
 90
2
176
1
 90
2
176
1
 90
0
176
1
 90
2
176
1
 40
0.6
176
1
 40
30.0
176
1
 62
7
420
16777215
176
1
 90
1
176
1
 90
4
176
1
 62
7
176
1
 62
257
176
1
 90
1
176
1
 90
1
176
1
 40
1.0
176
1
 90
8
176
1
 62
7
176
1
 40
1.0
176
1
 90
1
176
1
 90
6
176
1
 90
2
176
1
 62
7
176
1
 90
5
176
1
 90
0
176
1
 90
0
176
1
290
0
176
1
 90
1
176
1
 40
0.0
176
1
 90
0
176
1
290
0
176
1
290
1
176
1
290
1
176
1
290
0
176
1
290
0
176
1
290
0
176
1
290
0
176
1
290
0
176
1
290
0
176
1
 90
50
176
1
 40
0.0
176
1
 40
1.0
176
1
 90
0
176
1
 62
18
420
0
176
1
 90
50
176
1
 90
3
176
1
 62
5
420
255
176
1
290
0
176
1
 90
50
176
1
 90
50
176
1
 90
50
176
1
290
0
176
1
 90
50
176
1
 62
256
176
0
 40
1.0
176
0
 90
2
176
1
  1
strokes_ogs.tif
176
1
290
0
176
1
 40
1.0
176
1
 40
1.0
176
1
  0
VISUALSTYLE
  5
61
102
{ACAD_REACTORS
330
16
102
}
330
16
100
AcDbVisualStyle
  2
Facepattern
 70
15
177
3
291
1
 70
58
 90
2
176
1
 90
2
176
1
 90
0
176
1
 90
2
176
1
 40
0.6
176
1
 40
30.0
176
1
 62
7
420
16777215
176
1
 90
1
176
1
 90
4
176
1
 62
7
176
1
 62
257
176
1
 90
1
176
1
 90
1
176
1
 40
1.0
176
1
 90
8
176
1
 62
7
176
1
 40
1.0
176
1
 90
1
176
1
 90
6
176
1
 90
2
176
1
 62
7
176
1
 90
5
176
1
 90
0
176
1
 90
0
176
1
290
0
176
1
 90
1
176
1
 40
0.0
176
1
 90
0
176
1
290
0
176
1
290
1
176
1
290
1
176
1
290
0
176
1
290
0
176
1
290
0
176
1
290
0
176
1
290
0
176
1
290
0
176
1
 90
50
176
1
 40
0.0
176
1
 40
1.0
176
1
 90
0
176
1
 62
18
420
0
176
1
 90
50
176
1
 90
3
176
1
 62
5
420
255
176
1
290
0
176
1
 90
50
176
1
 90
50
176
1
 90
50
176
1
290
0
176
1
 90
50
176
1
 62
256
176
0
 40
1.0
176
0
 90
2
176
1
  1
strokes_ogs.tif
176
1
290
0
176
1
 40
1.0
176
1
 40
1.0
176
1
  0
VISUALSTYLE
  5
62
102
{ACAD_REACTORS
330
16
102
}
330
16
100
AcDbVisualStyle
  2
Flat
 70
0
177
3
291
1
 70
58
 90
2
176
1
 90
2
176
1
 90
0
176
1
 90
2
176
1
 40
0.6
176
1
 40
30.0
176
1
 62
7
420
16777215
176
1
 90
1
176
1
 90
4
176
1
 62
7
176
1
 62
257
176
1
 90
1
176
1
 90
1
176
1
 40
1.0
176
1
 90
8
176
1
 62
7
176
1
 40
1.0
176
1
 90
1
176
1
 90
6
176
1
 90
2
176
1
 62
7
176
1
 90
5
176
1
 90
0
176
1
 90
0
176
1
290
0
176
1
 90
1
176
1
 40
0.0
176
1
 90
0
176
1
290
0
176
1
290
1
176
1
290
1
176
1
290
0
176
1
290
0
176
1
290
0
176
1
290
0
176
1
290
0
176
1
290
0
176
1
 90
50
176
1
 40
0.0
176
1
 40
1.0
176
1
 90
0
176
1
 62
18
420
0
176
1
 90
50
176
1
 90
3
176
1
 62
5
420
255
176
1
290
0
176
1
 90
50
176
1
 90
50
176
1
 90
50
176
1
290
0
176
1
 90
50
176
1
 62
256
176
0
 40
1.0
176
0
 90
2
176
1
  1
strokes_ogs.tif
176
1
290
0
176
1
 40
1.0
176
1
 40
1.0
176
1
  0
VISUALSTYLE
  5
63
102
{ACAD_REACTORS
330
16
102
}
330
16
100
AcDbVisualStyle
  2
FlatWithEdges
 70
1
177
3
291
1
 70
58
 90
2
176
1
 90
2
176
1
 90
0
176
1
 90
2
176
1
 40
0.6
176
1
 40
30.0
176
1
 62
7
420
16777215
176
1
 90
1
176
1
 90
4
176
1
 62
7
176
1
 62
257
176
1
 90
1
176
1
 90
1
176
1
 40
1.0
176
1
 90
8
176
1
 62
7
176
1
 40
1.0
176
1
 90
1
176
1
 90
6
176
1
 90
2
176
1
 62
7
176
1
 90
5
176
1
 90
0
176
1
 90
0
176
1
290
0
176
1
 90
1
176
1
 40
0.0
176
1
 90
0
176
1
290
0
176
1
290
1
176
1
290
1
176
1
290
0
176
1
290
0
176
1
290
0
176
1
290
0
176
1
290
0
176
1
290
0
176
1
 90
50
176
1
 40
0.0
176
1
 40
1.0
176
1
 90
0
176
1
 62
18
420
0
176
1
 90
50
176
1
 90
3
176
1
 62
5
420
255
176
1
290
0
176
1
 90
50
176
1
 90
50
176
1
 90
50
176
1
290
0
176
1
 90
50
176
1
 62
256
176
0
 40
1.0
176
0
 90
2
176
1
  1
strokes_ogs.tif
176
1
290
0
176
1
 40
1.0
176
1
 40
1.0
176
1
  0
VISUALSTYLE
  5
64
102
{ACAD_REACTORS
330
16
102
}
330
16
100
AcDbVisualStyle
  2
Gouraud
 70
2
177
3
291
1
 70
58
 90
2
176
1
 90
2
176
1
 90
0
176
1
 90
2
176
1
 40
0.6
176
1
 40
30.0
176
1
 62
7
420
16777215
176
1
 90
1
176
1
 90
4
176
1
 62
7
176
1
 62
257
176
1
 90
1
176
1
 90
1
176
1
 40
1.0
176
1
 90
8
176
1
 62
7
176
1
 40
1.0
176
1
 90
1
176
1
 90
6
176
1
 90
2
176
1
 62
7
176
1
 90
5
176
1
 90
0
176
1
 90
0
176
1
290
0
176
1
 90
1
176
1
 40
0.0
176
1
 90
0
176
1
290
0
176
1
290
1
176
1
290
1
176
1
290
0
176
1
290
0
176
1
290
0
176
1
290
0
176
1
290
0
176
1
290
0
176
1
 90
50
176
1
 40
0.0
176
1
 40
1.0
176
1
 90
0
176
1
 62
18
420
0
176
1
 90
50
176
1
 90
3
176
1
 62
5
420
255
176
1
290
0
176
1
 90
50
176
1
 90
50
176
1
 90
50
176
1
290
0
176
1
 90
50
176
1
 62
256
176
0
 40
1.0
176
0
 90
2
176
1
  1
strokes_ogs.tif
176
1
290
0
176
1
 40
1.0
176
1
 40
1.0
176
1
  0
VISUALSTYLE
  5
65
102
{ACAD_REACTORS
330
16
102
}
330
16
100
AcDbVisualStyle
  2
GouraudWithEdges
 70
3
177
3
291
1
 70
58
 90
2
176
1
 90
2
176
1
 90
0
176
1
 90
2
176
1
 40
0.6
176
1
 40
30.0
176
1
 62
7
420
16777215
176
1
 90
1
176
1
 90
4
176
1
 62
7
176
1
 62
257
176
1
 90
1
176
1
 90
1
176
1
 40
1.0
176
1
 90
8
176
1
 62
7
176
1
 40
1.0
176
1
 90
1
176
1
 90
6
176
1
 90
2
176
1
 62
7
176
1
 90
5
176
1
 90
0
176
1
 90
0
176
1
290
0
176
1
 90
1
176
1
 40
0.0
176
1
 90
0
176
1
290
0
176
1
290
1
176
1
290
1
176
1
290
0
176
1
290
0
176
1
290
0
176
1
290
0
176
1
290
0
176
1
290
0
176
1
 90
50
176
1
 40
0.0
176
1
 40
1.0
176
1
 90
0
176
1
 62
18
420
0
176
1
 90
50
176
1
 90
3
176
1
 62
5
420
255
176
1
290
0
176
1
 90
50
176
1
 90
50
176
1
 90
50
176
1
290
0
176
1
 90
50
176
1
 62
256
176
0
 40
1.0
176
0
 90
2
176
1
  1
strokes_ogs.tif
176
1
290
0
176
1
 40
1.0
176
1
 40
1.0
176
1
  0
VISUALSTYLE
  5
66
102
{ACAD_REACTORS
330
16
102
}
330
16
100
AcDbVisualStyle
  2
Hidden
 70
6
177
3
291
0
 70
58
 90
2
176
1
 90
2
176
1
 90
0
176
1
 90
1
176
1
 40
0.6
176
1
 40
30.0
176
1
 62
7
420
16777215
176
1
 90
1
176
1
 90
4
176
1
 62
7
176
1
 62
257
176
1
 90
1
176
1
 90
1
176
1
 40
1.0
176
1
 90
8
176
1
 62
7
176
1
 40
1.0
176
1
 90
1
176
1
 90
6
176
1
 90
2
176
1
 62
7
176
1
 90
5
176
1
 90
0
176
1
 90
0
176
1
290
0
176
1
 90
1
176
1
 40
0.0
176
1
 90
0
176
1
290
0
176
1
290
1
176
1
290
1
176
1
290
0
176
1
290
0
176
1
290
0
176
1
290
0
176
1
290
0
176
1
290
0
176
1
 90
50
176
1
 40
0.0
176
1
 40
1.0
176
1
 90
0
176
1
 62
18
420
0
176
1
 90
50
176
1
 90
3
176
1
 62
5
420
255
176
1
290
0
176
1
 90
50
176
1
 90
50
176
1
 90
50
176
1
290
0
176
1
 90
50
176
1
 62
256
176
0
 40
1.0
176
0
 90
2
176
1
  1
strokes_ogs.tif
176
1
290
0
176
1
 40
1.0
176
1
 40
1.0
176
1
  0
VISUALSTYLE
  5
67
102
{ACAD_REACTORS
330
16
102
}
330
16
100
AcDbVisualStyle
  2
JitterOff
 70
20
177
3
291
1
 70
58
 90
2
176
1
 90
2
176
1
 90
0
176
1
 90
2
176
1
 40
0.6
176
1
 40
30.0
176
1
 62
7
420
16777215
176
1
 90
1
176
1
 90
4
176
1
 62
7
176
1
 62
257
176
1
 90
1
176
1
 90
1
176
1
 40
1.0
176
1
 90
8
176
1
 62
7
176
1
 40
1.0
176
1
 90
1
176
1
 90
6
176
1
 90
2
176
1
 62
7
176
1
 90
5
176
1
 90
0
176
1
 90
0
176
1
290
0
176
1
 90
1
176
1
 40
0.0
176
1
 90
0
176
1
290
0
176
1
290
1
176
1
290
1
176
1
290
0
176
1
290
0
176
1
290
0
176
1
290
0
176
1
290
0
176
1
290
0
176
1
 90
50
176
1
 40
0.0
176
1
 40
1.0
176
1
 90
0
176
1
 62
18
420
0
176
1
 90
50
176
1
 90
3
176
1
 62
5
420
255
176
1
290
0
176
1
 90
50
176
1
 90
50
176
1
 90
50
176
1
290
0
176
1
 90
50
176
1
 62
256
176
0
 40
1.0
176
0
 90
2
176
1
  1
strokes_ogs.tif
176
1
290
0
176
1
 40
1.0
176
1
 40
1.0
176
1
  0
VISUALSTYLE
  5
68
102
{ACAD_REACTORS
330
16
102
}
330
16
100
AcDbVisualStyle
  2
Linepattern
 70
14
177
3
291
1
 70
58
 90
2
176
1
 90
2
176
1
 90
0
176
1
 90
2
176
1
 40
0.6
176
1
 40
30.0
176
1
 62
7
420
16777215
176
1
 90
1
176
1
 90
4
176
1
 62
7
176
1
 62
257
176
1
 90
1
176
1
 90
1
176
1
 40
1.0
176
1
 90
8
176
1
 62
7
176
1
 40
1.0
176
1
 90
1
176
1
 90
6
176
1
 90
2
176
1
 62
7
176
1
 90
5
176
1
 90
0
176
1
 90
0
176
1
290
0
176
1
 90
1
176
1
 40
0.0
176
1
 90
0
176
1
290
0
176
1
290
1
176
1
290
1
176
1
290
0
176
1
290
0
176
1
290
0
176
1
290
0
176
1
290
0
176
1
290
0
176
1
 90
50
176
1
 40
0.0
176
1
 40
1.0
176
1
 90
0
176
1
 62
18
420
0
176
1
 90
50
176
1
 90
3
176
1
 62
5
420
255
176
1
290
0
176
1
 90
50
176
1
 90
50
176
1
 90
50
176
1
290
0
176
1
 90
50
176
1
 62
256
176
0
 40
1.0
176
0
 90
2
176
1
  1
strokes_ogs.tif
176
1
290
0
176
1
 40
1.0
176
1
 40
1.0
176
1
  0
VISUALSTYLE
  5
69
102
{ACAD_REACTORS
330
16
102
}
330
16
100
AcDbVisualStyle
  2
Modeling
 70
10
177
3
291
0
 70
58
 90
2
176
1
 90
2
176
1
 90
0
176
1
 90
2
176
1
 40
0.6
176
1
 40
30.0
176
1
 62
7
420
16777215
176
1
 90
1
176
1
 90
4
176
1
 62
7
176
1
 62
257
176
1
 90
1
176
1
 90
1
176
1
 40
1.0
176
1
 90
8
176
1
 62
7
176
1
 40
1.0
176
1
 90
1
176
1
 90
6
176
1
 90
2
176
1
 62
7
176
1
 90
5
176
1
 90
0
176
1
 90
0
176
1
290
0
176
1
 90
1
176
1
 40
0.0
176
1
 90
0
176
1
290
0
176
1
290
1
176
1
290
1
176
1
290
0
176
1
290
0
176
1
290
0
176
1
290
0
176
1
290
0
176
1
290
0
176
1
 90
50
176
1
 40
0.0
176
1
 40
1.0
176
1
 90
0
176
1
 62
18
420
0
176
1
 90
50
176
1
 90
3
176
1
 62
5
420
255
176
1
290
0
176
1
 90
50
176
1
 90
50
176
1
 90
50
176
1
290
0
176
1
 90
50
176
1
 62
256
176
0
 40
1.0
176
0
 90
2
176
1
  1
strokes_ogs.tif
176
1
290
0
176
1
 40
1.0
176
1
 40
1.0
176
1
  0
VISUALSTYLE
  5
6A
102
{ACAD_REACTORS
330
16
102
}
330
16
100
AcDbVisualStyle
  2
OverhangOff
 70
21
177
3
291
1
 70
58
 90
2
176
1
 90
2
176
1
 90
0
176
1
 90
2
176
1
 40
0.6
176
1
 40
30.0
176
1
 62
7
420
16777215
176
1
 90
1
176
1
 90
4
176
1
 62
7
176
1
 62
257
176
1
 90
1
176
1
 90
1
176
1
 40
1.0
176
1
 90
8
176
1
 62
7
176
1
 40
1.0
176
1
 90
1
176
1
 90
6
176
1
 90
2
176
1
 62
7
176
1
 90
5
176
1
 90
0
176
1
 90
0
176
1
290
0
176
1
 90
1
176
1
 40
0.0
176
1
 90
0
176
1
290
0
176
1
290
1
176
1
290
1
176
1
290
0
176
1
290
0
176
1
290
0
176
1
290
0
176
1
290
0
176
1
290
0
176
1
 90
50
176
1
 40
0.0
176
1
 40
1.0
176
1
 90
0
176
1
 62
18
420
0
176
1
 90
50
176
1
 90
3
176
1
 62
5
420
255
176
1
290
0
176
1
 90
50
176
1
 90
50
176
1
 90
50
176
1
290
0
176
1
 90
50
176
1
 62
256
176
0
 40
1.0
176
0
 90
2
176
1
  1
strokes_ogs.tif
176
1
290
0
176
1
 40
1.0
176
1
 40
1.0
176
1
  0
VISUALSTYLE
  5
6B
102
{ACAD_REACTORS
330
16
102
}
330
16
100
AcDbVisualStyle
  2
Realistic
 70
8
177
3
291
0
 70
58
 90
2
176
1
 90
2
176
1
 90
0
176
1
 90
2
176
1
 40
0.6
176
1
 40
30.0
176
1
 62
7
420
16777215
176
1
 90
1
176
1
 90
4
176
1
 62
7
176
1
 62
257
176
1
 90
1
176
1
 90
1
176
1
 40
1.0
176
1
 90
8
176
1
 62
7
176
1
 40
1.0
176
1
 90
1
176
1
 90
6
176
1
 90
2
176
1
 62
7
176
1
 90
5
176
1
 90
0
176
1
 90
0
176
1
290
0
176
1
 90
1
176
1
 40
0.0
176
1
 90
0
176
1
290
0
176
1
290
1
176
1
290
1
176
1
290
0
176
1
290
0
176
1
290
0
176
1
290
0
176
1
290
0
176
1
290
0
176
1
 90
50
176
1
 40
0.0
176
1
 40
1.0
176
1
 90
0
176
1
 62
18
420
0
176
1
 90
50
176
1
 90
3
176
1
 62
5
420
255
176
1
290
0
176
1
 90
50
176
1
 90
50
176
1
 90
50
176
1
290
0
176
1
 90
50
176
1
 62
256
176
0
 40
1.0
176
0
 90
2
176
1
  1
strokes_ogs.tif
176
1
290
0
176
1
 40
1.0
176
1
 40
1.0
176
1
  0
VISUALSTYLE
  5
6C
102
{ACAD_REACTORS
330
16
102
}
330
16
100
AcDbVisualStyle
  2
Shaded
 70
27
177
3
291
0
 70
58
 90
2
176
1
 90
2
176
1
 90
0
176
1
 90
2
176
1
 40
0.6
176
1
 40
30.0
176
1
 62
7
420
16777215
176
1
 90
1
176
1
 90
4
176
1
 62
7
176
1
 62
257
176
1
 90
1
176
1
 90
1
176
1
 40
1.0
176
1
 90
8
176
1
 62
7
176
1
 40
1.0
176
1
 90
1
176
1
 90
6
176
1
 90
2
176
1
 62
7
176
1
 90
5
176
1
 90
0
176
1
 90
0
176
1
290
0
176
1
 90
1
176
1
 40
0.0
176
1
 90
0
176
1
290
0
176
1
290
1
176
1
290
1
176
1
290
0
176
1
290
0
176
1
290
0
176
1
290
0
176
1
290
0
176
1
290
0
176
1
 90
50
176
1
 40
0.0
176
1
 40
1.0
176
1
 90
0
176
1
 62
18
420
0
176
1
 90
50
176
1
 90
3
176
1
 62
5
420
255
176
1
290
0
176
1
 90
50
176
1
 90
50
176
1
 90
50
176
1
290
0
176
1
 90
50
176
1
 62
256
176
0
 40
1.0
176
0
 90
2
176
1
  1
strokes_ogs.tif
176
1
290
0
176
1
 40
1.0
176
1
 40
1.0
176
1
  0
VISUALSTYLE
  5
6D
102
{ACAD_REACTORS
330
16
102
}
330
16
100
AcDbVisualStyle
  2
Shaded with edges
 70
26
177
3
291
0
 70
58
 90
2
176
1
 90
2
176
1
 90
0
176
1
 90
2
176
1
 40
0.6
176
1
 40
30.0
176
1
 62
7
420
16777215
176
1
 90
1
176
1
 90
4
176
1
 62
7
176
1
 62
257
176
1
 90
1
176
1
 90
1
176
1
 40
1.0
176
1
 90
8
176
1
 62
7
176
1
 40
1.0
176
1
 90
1
176
1
 90
6
176
1
 90
2
176
1
 62
7
176
1
 90
5
176
1
 90
0
176
1
 90
0
176
1
290
0
176
1
 90
1
176
1
 40
0.0
176
1
 90
0
176
1
290
0
176
1
290
1
176
1
290
1
176
1
290
0
176
1
290
0
176
1
290
0
176
1
290
0
176
1
290
0
176
1
290
0
176
1
 90
50
176
1
 40
0.0
176
1
 40
1.0
176
1
 90
0
176
1
 62
18
420
0
176
1
 90
50
176
1
 90
3
176
1
 62
5
420
255
176
1
290
0
176
1
 90
50
176
1
 90
50
176
1
 90
50
176
1
290
0
176
1
 90
50
176
1
 62
256
176
0
 40
1.0
176
0
 90
2
176
1
  1
strokes_ogs.tif
176
1
290
0
176
1
 40
1.0
176
1
 40
1.0
176
1
  0
VISUALSTYLE
  5
6E
102
{ACAD_REACTORS
330
16
102
}
330
16
100
AcDbVisualStyle
  2
Shades of Gray
 70
23
177
3
291
0
 70
58
 90
2
176
1
 90
2
176
1
 90
0
176
1
 90
2
176
1
 40
0.6
176
1
 40
30.0
176
1
 62
7
420
16777215
176
1
 90
1
176
1
 90
4
176
1
 62
7
176
1
 62
257
176
1
 90
1
176
1
 90
1
176
1
 40
1.0
176
1
 90
8
176
1
 62
7
176
1
 40
1.0
176
1
 90
1
176
1
 90
6
176
1
 90
2
176
1
 62
7
176
1
 90
5
176
1
 90
0
176
1
 90
0
176
1
290
0
176
1
 90
1
176
1
 40
0.0
176
1
 90
0
176
1
290
0
176
1
290
1
176
1
290
1
176
1
290
0
176
1
290
0
176
1
290
0
176
1
290
0
176
1
290
0
176
1
290
0
176
1
 90
50
176
1
 40
0.0
176
1
 40
1.0
176
1
 90
0
176
1
 62
18
420
0
176
1
 90
50
176
1
 90
3
176
1
 62
5
420
255
176
1
290
0
176
1
 90
50
176
1
 90
50
176
1
 90
50
176
1
290
0
176
1
 90
50
176
1
 62
256
176
0
 40
1.0
176
0
 90
2
176
1
  1
strokes_ogs.tif
176
1
290
0
176
1
 40
1.0
176
1
 40
1.0
176
1
  0
VISUALSTYLE
  5
6F
102
{ACAD_REACTORS
330
16
102
}
330
16
100
AcDbVisualStyle
  2
Sketchy
 70
24
177
3
291
0
 70
58
 90
2
176
1
 90
2
176
1
 90
0
176
1
 90
1
176
1
 40
0.6
176
1
 40
30.0
176
1
 62
7
420
16777215
176
1
 90
1
176
1
 90
4
176
1
 62
7
176
1
 62
257
176
1
 90
1
176
1
 90
1
176
1
 40
1.0
176
1
 90
8
176
1
 62
7
176
1
 40
1.0
176
1
 90
1
176
1
 90
6
176
1
 90
2
176
1
 62
7
176
1
 90
5
176
1
 90
0
176
1
 90
0
176
1
290
0
176
1
 90
1
176
1
 40
0.0
176
1
 90
0
176
1
290
0
176
1
290
1
176
1
290
1
176
1
290
0
176
1
290
0
176
1
290
0
176
1
290
0
176
1
290
0
176
1
290
0
176
1
 90
50
176
1
 40
0.0
176
1
 40
1.0
176
1
 90
0
176
1
 62
18
420
0
176
1
 90
50
176
1
 90
3
176
1
 62
5
420
255
176
1
290
0
176
1
 90
50
176
1
 90
50
176
1
 90
50
176
1
290
0
176
1
 90
50
176
1
 62
256
176
0
 40
1.0
176
0
 90
2
176
1
  1
strokes_ogs.tif
176
1
290
0
176
1
 40
1.0
176
1
 40
1.0
176
1
  0
VISUALSTYLE
  5
70
102
{ACAD_REACTORS
330
16
102
}
330
16
100
AcDbVisualStyle
  2
Thicken
 70
13
177
3
291
1
 70
58
 90
2
176
1
 90
2
176
1
 90
0
176
1
 90
2
176
1
 40
0.6
176
1
 40
30.0
176
1
 62
7
420
16777215
176
1
 90
1
176
1
 90
4
176
1
 62
7
176
1
 62
257
176
1
 90
1
176
1
 90
1
176
1
 40
1.0
176
1
 90
8
176
1
 62
7
176
1
 40
1.0
176
1
 90
1
176
1
 90
6
176
1
 90
2
176
1
 62
7
176
1
 90
5
176
1
 90
0
176
1
 90
0
176
1
290
0
176
1
 90
1
176
1
 40
0.0
176
1
 90
0
176
1
290
0
176
1
290
1
176
1
290
1
176
1
290
0
176
1
290
0
176
1
290
0
176
1
290
0
176
1
290
0
176
1
290
0
176
1
 90
50
176
1
 40
0.0
176
1
 40
1.0
176
1
 90
0
176
1
 62
18
420
0
176
1
 90
50
176
1
 90
3
176
1
 62
5
420
255
176
1
290
0
176
1
 90
50
176
1
 90
50
176
1
 90
50
176
1
290
0
176
1
 90
50
176
1
 62
256
176
0
 40
1.0
176
0
 90
2
176
1
  1
strokes_ogs.tif
176
1
290
0
176
1
 40
1.0
176
1
 40
1.0
176
1
  0
VISUALSTYLE
  5
71
102
{ACAD_REACTORS
330
16
102
}
330
16
100
AcDbVisualStyle
  2
Wireframe
 70
5
177
3
291
0
 70
58
 90
2
176
1
 90
2
176
1
 90
0
176
1
 90
0
176
1
 40
0.6
176
1
 40
30.0
176
1
 62
7
420
16777215
176
1
 90
1
176
1
 90
4
176
1
 62
7
176
1
 62
257
176
1
 90
1
176
1
 90
1
176
1
 40
1.0
176
1
 90
8
176
1
 62
7
176
1
 40
1.0
176
1
 90
1
176
1
 90
6
176
1
 90
2
176
1
 62
7
176
1
 90
5
176
1
 90
0
176
1
 90
0
176
1
290
0
176
1
 90
1
176
1
 40
0.0
176
1
 90
0
176
1
290
0
176
1
290
1
176
1
290
1
176
1
290
0
176
1
290
0
176
1
290
0
176
1
290
0
176
1
290
0
176
1
290
0
176
1
 90
50
176
1
 40
0.0
176
1
 40
1.0
176
1
 90
0
176
1
 62
18
420
0
176
1
 90
50
176
1
 90
3
176
1
 62
5
420
255
176
1
290
0
176
1
 90
50
176
1
 90
50
176
1
 90
50
176
1
290
0
176
1
 90
50
176
1
 62
256
176
0
 40
1.0
176
0
 90
2
176
1
  1
strokes_ogs.tif
176
1
290
0
176
1
 40
1.0
176
1
 40
1.0
176
1
  0
VISUALSTYLE
  5
72
102
{ACAD_REACTORS
330
16
102
}
330
16
100
AcDbVisualStyle
  2
X-Ray
 70
25
177
3
291
0
 70
58
 90
2
176
1
 90
2
176
1
 90
0
176
1
 90
2
176
1
 40
0.5
176
1
 40
30.0
176
1
 62
7
420
16777215
176
1
 90
1
176
1
 90
4
176
1
 62
7
176
1
 62
257
176
1
 90
1
176
1
 90
1
176
1
 40
1.0
176
1
 90
8
176
1
 62
7
176
1
 40
1.0
176
1
 90
1
176
1
 90
6
176
1
 90
2
176
1
 62
7
176
1
 90
5
176
1
 90
0
176
1
 90
0
176
1
290
0
176
1
 90
1
176
1
 40
0.0
176
1
 90
0
176
1
290
0
176
1
290
1
176
1
290
1
176
1
290
0
176
1
290
0
176
1
290
0
176
1
290
0
176
1
290
0
176
1
290
0
176
1
 90
50
176
1
 40
0.0
176
1
 40
1.0
176
1
 90
0
176
1
 62
18
420
0
176
1
 90
50
176
1
 90
3
176
1
 62
5
420
255
176
1
290
0
176
1
 90
50
176
1
 90
50
176
1
 90
50
176
1
290
0
176
1
 90
50
176
1
 62
256
176
0
 40
1.0
176
0
 90
2
176
1
  1
strokes_ogs.tif
176
1
290
0
176
1
 40
1.0
176
1
 40
1.0
176
1
  0
DICTIONARYVAR
  5
1CA
330
2D
100
DictionaryVariables
280
0
  1
0.0 @ 2000-01-01T00:00:00.000000+00:00
  0
ENDSEC
  0
EOF
